Track URI,Track Name,Artist URI,Artist Name,Album URI,Album Name,Album Release Date,Album Image URL,Disc Number,Track Number,Track Duration (ms),Track Preview URL,Explicit,Popularity,Added By,Added At
spotify:track:4OMj5QWwvYSUs9O0hsymts,Friends in Low Places,spotify:artist:6RuIbUAQK9fmBq08AbY6XE,Brooks Jefferson,spotify:album:2d0u2yReCiVSyN3iCsogFM,Strummin' On Garth,3/13/2015,https://i.scdn.co/image/ab67616d0000b273680ac0a0e8f39e6e2ae80406,1,6,258507,https://p.scdn.co/mp3-preview/38200d173541d14389aa3e110028dcb6874b77db?cid=9950ac751e34487dbbe027c4fd7f8e99,FALSE,62,spotify:user:dgd13qott8zs5e2si4st3j7a9,2020-03-23T20:12:40Z
spotify:track:7lJbTVbDEMa3w7NFamrwdq,Fishin' in the Dark,spotify:artist:7y70dch6JuuuNnwlsOQvwW,Nitty Gritty Dirt Band,spotify:album:5ToL8KapdzZAMtOT7Y4USs,Hold On,4/1/1987,https://i.scdn.co/image/ab67616d0000b273a547ecc64c2943fc70abb745,1,1,202786,https://p.scdn.co/mp3-preview/01d0dea7e4e1c2bee8ce657cca0d33a0a9728588?cid=9950ac751e34487dbbe027c4fd7f8e99,FALSE,67,spotify:user:dgd13qott8zs5e2si4st3j7a9,2020-03-23T20:12:44Z
spotify:track:0bM1z18RQpr61UuI1LemIK,Dixieland Delight,spotify:artist:6rJqqRce0Kvo2dJUXoHleC,Alabama,spotify:album:0eMs6LyA1bTZm8Mx8FPshM,Closer You Get,1983,https://i.scdn.co/image/ab67616d0000b2730fb6baa007c3215725c290a8,1,6,322093,https://p.scdn.co/mp3-preview/4e97025c9b963bd3428a0105644bb57b591a6306?cid=9950ac751e34487dbbe027c4fd7f8e99,FALSE,62,spotify:user:dgd13qott8zs5e2si4st3j7a9,2020-03-23T20:12:47Z
spotify:track:7Fq9RwQxSn3kW85PrDUf0M,Boot Scootin' Boogie,spotify:artist:0XKOBt59crntr7HQXXO8Yz,Brooks & Dunn,spotify:album:1ZXM9jY3Bsg12KXgwftBrO,#1s ... and then some,9/8/2009,https://i.scdn.co/image/ab67616d0000b273941001e5ce6bc1272466de29,1,15,198226,https://p.scdn.co/mp3-preview/0fc8ab53d79506e7820f74511fe092b5eff4de38?cid=9950ac751e34487dbbe027c4fd7f8e99,FALSE,69,spotify:user:dgd13qott8zs5e2si4st3j7a9,2020-03-23T20:13:01Z
spotify:track:66S14BkJDxgkYxLl5DCqOz,I'm Gonna Be (500 Miles),spotify:artist:1A92IAcd7A6npCA33oGM5i,The Proclaimers,spotify:album:7hPq9fDWwXPo1tT0oi3XcM,Finest,9/1/2003,https://i.scdn.co/image/ab67616d0000b273b0c0201a8796d8a536253a61,1,1,219466,https://p.scdn.co/mp3-preview/2919264bff964a01ab401bdb3d15b2a953301ae0?cid=9950ac751e34487dbbe027c4fd7f8e99,FALSE,73,spotify:user:dgd13qott8zs5e2si4st3j7a9,2020-03-23T20:35:02Z
spotify:track:2374M0fQpWi3dLnB54qaLX,Africa,spotify:artist:0PFtn5NtBbbUNbU9EAmIWF,TOTO,spotify:album:62U7xIHcID94o20Of5ea4D,Toto IV,4/8/1982,https://i.scdn.co/image/ab67616d0000b2734a052b99c042dc15f933145b,1,10,295893,https://p.scdn.co/mp3-preview/4551544dbf630ad584de356432e8afbd84b96914?cid=9950ac751e34487dbbe027c4fd7f8e99,FALSE,82,spotify:user:dgd13qott8zs5e2si4st3j7a9,2020-03-23T20:35:11Z
spotify:track:1k1Bqnv2R0uJXQN4u6LKYt,Ain't No Sunshine,spotify:artist:1ThoqLcyIYvZn7iWbj8fsj,Bill Withers,spotify:album:6N8uPmDqbgXD3ztkCCfxoo,Just As I Am,5/1/1971,https://i.scdn.co/image/ab67616d0000b273e1e350d06ffebd2e19e047ce,1,2,125093,https://p.scdn.co/mp3-preview/22bdf23c62e5ef9e215d2128767214e8f787a968?cid=9950ac751e34487dbbe027c4fd7f8e99,FALSE,76,spotify:user:dgd13qott8zs5e2si4st3j7a9,2020-03-23T20:35:17Z
spotify:track:3cfOd4CMv2snFaKAnMdnvK,All Star,spotify:artist:2iEvnFsWxR0Syqu2JNopAd,Smash Mouth,spotify:album:2kyTLcEZe6nc1s6ve0zW9P,Astro Lounge,6/8/1999,https://i.scdn.co/image/ab67616d0000b2734f3bbf9631faeb8de9912a23,1,5,200373,https://p.scdn.co/mp3-preview/24a26524cd1e364126bb9680ae4b2d3792946cd6?cid=9950ac751e34487dbbe027c4fd7f8e99,FALSE,78,spotify:user:dgd13qott8zs5e2si4st3j7a9,2020-03-23T20:35:27Z
spotify:track:5jE48hhRu8E6zBDPRSkEq7,All About That Bass,spotify:artist:6JL8zeS1NmiOftqZTRgdTz,Meghan Trainor,spotify:album:5W98Ab4VvQEuFEE4TIe5fE,Title (Deluxe),1/9/2015,https://i.scdn.co/image/ab67616d0000b2733b11178cccd78ec77fc12dbc,1,2,187920,https://p.scdn.co/mp3-preview/d20d6fc24fbf2eae191b3d943e1b640570acb466?cid=9950ac751e34487dbbe027c4fd7f8e99,TRUE,71,spotify:user:dgd13qott8zs5e2si4st3j7a9,2020-03-23T20:35:33Z
spotify:track:2m1hi0nfMR9vdGC8UcrnwU,All The Small Things,spotify:artist:6FBDaR13swtiWwGhX1WQsP,blink-182,spotify:album:652N05EcNH1a4bIlUixQE2,Enema Of The State,6/1/1999,https://i.scdn.co/image/ab67616d0000b2736da502e35a7a3e48de2b0f74,1,8,167066,https://p.scdn.co/mp3-preview/909d312e596dbb3cd53ac8d1daf51e825566029d?cid=9950ac751e34487dbbe027c4fd7f8e99,FALSE,79,spotify:user:dgd13qott8zs5e2si4st3j7a9,2020-03-23T20:35:43Z
spotify:track:71SvEDmsOwIWw1IozsZoMA,Any Way You Want It,spotify:artist:0rvjqX7ttXeg3mTy8Xscbt,Journey,spotify:album:2OyVtIEp7O7a6o82DF4Ba5,Departure,1980,https://i.scdn.co/image/ab67616d0000b27369652529922fe113067dde24,1,1,201693,https://p.scdn.co/mp3-preview/1958083a802470daee3a9a0ed171d6a0ee3d9bc6?cid=9950ac751e34487dbbe027c4fd7f8e99,FALSE,71,spotify:user:dgd13qott8zs5e2si4st3j7a9,2020-03-23T20:35:51Z
spotify:track:6epn3r7S14KUqlReYr77hA,Baby,"spotify:artist:1uNFoZAHBGtllmzznpCI3s, spotify:artist:3ipn9JLAPI5GUEo4y4jcoi","Justin Bieber, Ludacris",spotify:album:3BmcYMh0KYsimWL6p2gPa9,My World 2.0,1/1/2010,https://i.scdn.co/image/ab67616d0000b273629dc9e2e3bc20bbd7d92e4a,1,1,214240,https://p.scdn.co/mp3-preview/84eec33b8be720bfb0a04db41f11b72f52f03864?cid=9950ac751e34487dbbe027c4fd7f8e99,FALSE,77,spotify:user:dgd13qott8zs5e2si4st3j7a9,2020-03-23T20:36:01Z
spotify:track:1SAkL1mYNJlaqnBQxVZrRl,Baby Got Back,spotify:artist:3TQ9JTBI2n2hfo7aRONEYV,Sir Mix-A-Lot,spotify:album:6c62jxWCe2aisIudaDRcaP,Mack Daddy,1/1/1992,https://i.scdn.co/image/ab67616d0000b273f82c7e4376cf8267fb396b7d,1,3,262826,https://p.scdn.co/mp3-preview/74f6931aa68f41cd6f1338381a59f11ec681dece?cid=9950ac751e34487dbbe027c4fd7f8e99,TRUE,67,spotify:user:dgd13qott8zs5e2si4st3j7a9,2020-03-23T20:36:10Z
spotify:track:3XVozq1aeqsJwpXrEZrDJ9,Ice Ice Baby,spotify:artist:7GXXMm3DB1VswVcuGyInUd,Vanilla Ice,spotify:album:20O6lfaDAoMhUj5TAvVbb6,Vanilla Ice Is Back! - Hip Hop Classics,11/4/2008,https://i.scdn.co/image/ab67616d0000b2730d441bd2334134eca6761fc4,1,1,254466,https://p.scdn.co/mp3-preview/6545dbe31d7d19eb714c1ac49e04008706e05b4c?cid=9950ac751e34487dbbe027c4fd7f8e99,FALSE,70,spotify:user:dgd13qott8zs5e2si4st3j7a9,2020-03-23T20:36:13Z
spotify:track:3bhgNgvkuYUpvT3Aa8nobd,"Baby, I Love Your Way",spotify:artist:0543y7yrvny4KymoaneT4W,Peter Frampton,spotify:album:0mdNFhL4wFRkM1RK0mekqH,Acoustic Classics,2/26/2016,https://i.scdn.co/image/ab67616d0000b273fdd2990f2a7c27f554a48a6d,1,7,309760,,FALSE,42,spotify:user:dgd13qott8zs5e2si4st3j7a9,2020-03-23T20:36:26Z
spotify:track:1O0xeZrBDbq7HPREdmYUYK,"Bad, Bad Leroy Brown",spotify:artist:1R6Hx1tJ2VOUyodEpC12xM,Jim Croce,spotify:album:3q7L4mosMmOcmQNE1d0H4s,Life & Times,7/1/1973,https://i.scdn.co/image/ab67616d0000b273124a8161fdeb39f3cd50c2f2,1,8,182240,https://p.scdn.co/mp3-preview/6151737dde14f6a0732b6b273176263984271437?cid=9950ac751e34487dbbe027c4fd7f8e99,FALSE,65,spotify:user:dgd13qott8zs5e2si4st3j7a9,2020-03-23T20:36:32Z
spotify:track:0SiywuOBRcynK0uKGWdCnn,Bad Romance,spotify:artist:1HY2Jd0NmPuamShAr6KMms,Lady Gaga,spotify:album:6rePArBMb5nLWEaY9aQqL4,The Fame Monster (Deluxe Edition),11/5/2009,https://i.scdn.co/image/ab67616d0000b2735c9890c0456a3719eeecd8aa,1,1,294573,https://p.scdn.co/mp3-preview/ab0b3d9ca1e9ce34611aaad0e9ef58d73fe8f7b4?cid=9950ac751e34487dbbe027c4fd7f8e99,TRUE,80,spotify:user:dgd13qott8zs5e2si4st3j7a9,2020-03-23T20:36:39Z
spotify:track:1gewemPOUilb21s7CfMS55,Bartender Song (Sittin' At A Bar) - Alt/Rock Mix,spotify:artist:1qh1aHXy7LRcb7eyriuJTS,Rehab,spotify:album:39GmYuRp42zXVjzCLffcOC,Graffiti The World,2005,https://i.scdn.co/image/ab67616d0000b273849e5870ecd098e9996688a0,1,5,229040,https://p.scdn.co/mp3-preview/cc98c400eb5b3178c2f893cbe533da379ef27097?cid=9950ac751e34487dbbe027c4fd7f8e99,TRUE,66,spotify:user:dgd13qott8zs5e2si4st3j7a9,2020-03-23T20:36:45Z
spotify:track:5XfQTbialQHn9PhDb0p85H,Crazy Bitch,spotify:artist:0yN7xI1blow9nYIK0R8nM7,Buckcherry,spotify:album:7JzpvpbhqCCS4f54rkU1yV,15,4/11/2006,https://i.scdn.co/image/ab67616d0000b2736aef1326a3af9658b6a84dde,1,7,204960,https://p.scdn.co/mp3-preview/61fa3b0b87e7bac7b4e04a467789feda8f5aaced?cid=9950ac751e34487dbbe027c4fd7f8e99,TRUE,67,spotify:user:dgd13qott8zs5e2si4st3j7a9,2020-03-23T20:36:50Z
spotify:track:6L89mwZXSOwYl76YXfX13s,Basket Case,spotify:artist:7oPftvlwr6VrsViSDV7fJY,Green Day,spotify:album:4uG8q3GPuWHQlRbswMIRS6,Dookie,2/1/1994,https://i.scdn.co/image/ab67616d0000b273db89b08034de626ebee6823d,1,7,181533,https://p.scdn.co/mp3-preview/a66864fcfd8923c6084fc2000e3086e4e1e0a657?cid=9950ac751e34487dbbe027c4fd7f8e99,FALSE,78,spotify:user:dgd13qott8zs5e2si4st3j7a9,2020-03-23T20:37:05Z
spotify:track:6GG73Jik4jUlQCkKg9JuGO,The Middle,spotify:artist:3Ayl7mCk0nScecqOzvNp6s,Jimmy Eat World,spotify:album:0UJhhj5bn5AGAjryFnhueP,Bleed American,7/17/2001,https://i.scdn.co/image/ab67616d0000b27395d1d98c5176e4f982bd73d6,1,3,165853,https://p.scdn.co/mp3-preview/83ddcacd75ace7ba3619fc03e87a7882821f5280?cid=9950ac751e34487dbbe027c4fd7f8e99,FALSE,78,spotify:user:dgd13qott8zs5e2si4st3j7a9,2020-03-23T20:37:11Z
spotify:track:5Wj1rJnCLpMHdLaxsFtJLs,Bennie And The Jets - Remastered 2014,spotify:artist:3PhoLpVuITZKcymswpck5b,Elton John,spotify:album:5WupqgR68HfuHt3BMJtgun,Goodbye Yellow Brick Road (Remastered),10/5/1973,https://i.scdn.co/image/ab67616d0000b273f72f1e38e9bd48f18a17ed9b,1,3,322548,https://p.scdn.co/mp3-preview/df3eb4297d5f32d998e46689a31c8c4fd27ccbde?cid=9950ac751e34487dbbe027c4fd7f8e99,FALSE,72,spotify:user:dgd13qott8zs5e2si4st3j7a9,2020-03-23T20:37:18Z
spotify:track:2TVxnKdb3tqe1nhQWwwZCO,Tiny Dancer,spotify:artist:3PhoLpVuITZKcymswpck5b,Elton John,spotify:album:2OZbaW9tgO62ndm375lFZr,Madman Across The Water,11/5/1971,https://i.scdn.co/image/ab67616d0000b273d03ab2da904d8251a87bbc31,1,1,377093,https://p.scdn.co/mp3-preview/2018881aa801fcc57956d63722b04344cf1d65ef?cid=9950ac751e34487dbbe027c4fd7f8e99,FALSE,78,spotify:user:dgd13qott8zs5e2si4st3j7a9,2020-03-23T20:37:20Z
spotify:track:70C4NyhjD5OZUMzvWZ3njJ,Piano Man,spotify:artist:6zFYqv1mOsgBRQbae3JJ9e,Billy Joel,spotify:album:69wjSAZXZiD2EBia3b3gxL,Piano Man (Legacy Edition),11/7/1973,https://i.scdn.co/image/ab67616d0000b273aff4aef671b2510be7c115b3,1,2,339000,https://p.scdn.co/mp3-preview/7f1dc0e2f56c946849ac2e61dfa1ce827fb8dc70?cid=9950ac751e34487dbbe027c4fd7f8e99,FALSE,75,spotify:user:dgd13qott8zs5e2si4st3j7a9,2020-03-23T20:37:22Z
spotify:track:1fDsrQ23eTAVFElUMaf38X,American Pie,spotify:artist:1gRNBaI4yn6wCCTvRhGWh8,Don McLean,spotify:album:10jsW2NYd9blCrDITMh2zS,American Pie,1971,https://i.scdn.co/image/ab67616d0000b2730085dd4362653ef4c54ebbeb,1,1,516893,https://p.scdn.co/mp3-preview/657a74cc0b866df8ddf69f34196e797c8a4d1b1d?cid=9950ac751e34487dbbe027c4fd7f8e99,FALSE,74,spotify:user:dgd13qott8zs5e2si4st3j7a9,2020-03-23T20:37:24Z
spotify:track:39q7xibBdRboeMKUbZEB6g,"Take Me Home, Country Roads",spotify:artist:7EK1bQADBoqbYXnT4Cqv9w,John Denver,spotify:album:5oH6XhYgqwJ9x6iw6azNiO,"The John Denver Collection, Vol 1: Take Me Home Country Roads",6/17/1997,https://i.scdn.co/image/ab67616d0000b2730f258d2c9137e09c4b1cecb8,1,1,197813,https://p.scdn.co/mp3-preview/ec43998cba1a71480be11c069a68197db2c75928?cid=9950ac751e34487dbbe027c4fd7f8e99,FALSE,76,spotify:user:dgd13qott8zs5e2si4st3j7a9,2020-03-23T20:37:28Z
spotify:track:5ChkMS8OtdzJeqyybCc9R5,Billie Jean,spotify:artist:3fMbdgg4jU18AjLCKBhRSm,Michael Jackson,spotify:album:1C2h7mLntPSeVYciMRTF4a,Thriller 25 Super Deluxe Edition,11/30/1982,https://i.scdn.co/image/ab67616d0000b2734121faee8df82c526cbab2be,1,6,293826,https://p.scdn.co/mp3-preview/f504e6b8e037771318656394f532dede4f9bcaea?cid=9950ac751e34487dbbe027c4fd7f8e99,FALSE,83,spotify:user:dgd13qott8zs5e2si4st3j7a9,2020-03-23T20:37:41Z
spotify:track:4YOJFyjqh8eAcbKFfv88mV,Y.M.C.A.,spotify:artist:0dCKce6tJJdHvlWnDMwzPW,Village People,spotify:album:3kdp1PnxkKlshMP3qG2CUG,Cruisin',1978,https://i.scdn.co/image/ab67616d0000b2736effa8520bc566806f680860,1,1,286666,https://p.scdn.co/mp3-preview/1997d705992e8a8e049d221fbe04327b1ad1a99e?cid=9950ac751e34487dbbe027c4fd7f8e99,FALSE,61,spotify:user:dgd13qott8zs5e2si4st3j7a9,2020-03-23T20:37:46Z
spotify:track:3mRM4NM8iO7UBqrSigCQFH,"Stayin' Alive - From ""Saturday Night Fever"" Soundtrack",spotify:artist:1LZEQNv7sE11VDY3SdxQeN,Bee Gees,spotify:album:5YHZaCxCuuK81h4Fimb9rT,Greatest,1/1/1979,https://i.scdn.co/image/ab67616d0000b27352038992fc6d7868f31d23b7,1,5,285373,https://p.scdn.co/mp3-preview/2d39c6f01a8b9b17a0c65dc15b2860e11cd62401?cid=9950ac751e34487dbbe027c4fd7f8e99,FALSE,68,spotify:user:dgd13qott8zs5e2si4st3j7a9,2020-03-23T20:37:50Z
spotify:track:3K7Q9PHUWPTaknlbFPThn2,Celebration,spotify:artist:3VNITwohbvU5Wuy5PC6dsI,Kool & The Gang,spotify:album:2kc4mhFRsoIRVD0XEYnwhI,Celebrate!,9/29/1980,https://i.scdn.co/image/ab67616d0000b273887b7c596249f628db6c6473,1,1,298866,https://p.scdn.co/mp3-preview/e8ed295d8e656820e452af0c14e988a0d4a93923?cid=9950ac751e34487dbbe027c4fd7f8e99,FALSE,68,spotify:user:dgd13qott8zs5e2si4st3j7a9,2020-03-23T20:37:55Z
spotify:track:2ugghimAssmeO3YpFIV7mb,Blister In The Sun,spotify:artist:0rpMdBzQXf7aYRnu5fDBJy,Violent Femmes,spotify:album:1IgZxMsdWaIoYyMUGrO53Y,Violent Femmes,4/13/1983,https://i.scdn.co/image/ab67616d0000b273ee2d785d228353845cff997f,1,1,145706,https://p.scdn.co/mp3-preview/986190d28c9d08d44ba585872e4121ef741980ee?cid=9950ac751e34487dbbe027c4fd7f8e99,FALSE,68,spotify:user:dgd13qott8zs5e2si4st3j7a9,2020-03-23T20:38:03Z
spotify:track:6l8GvAyoUZwWDgF1e4822w,Bohemian Rhapsody,spotify:artist:1dfeR4HaWDbWqFHLkxsg1d,Queen,spotify:album:7C2DKB8C12LqxMkfJRwTo9,Stone Cold Classics,1/1/2006,https://i.scdn.co/image/ab67616d0000b2735a7602f0e508660b2ba40f8c,1,9,355400,https://p.scdn.co/mp3-preview/508856f0683348c5e9925a67780a8022754d0f99?cid=9950ac751e34487dbbe027c4fd7f8e99,FALSE,61,spotify:user:dgd13qott8zs5e2si4st3j7a9,2020-03-23T20:38:09Z
spotify:track:3yrSvpt2l1xhsV9Em88Pul,Brown Eyed Girl,spotify:artist:44NX2ffIYHr6D4n7RaZF7A,Van Morrison,spotify:album:7dsWupQRlFuhG8FGiQAUjC,Blowin' Your Mind!,1967-09,https://i.scdn.co/image/ab67616d0000b2733f29a976eea00141514ab936,1,1,183306,https://p.scdn.co/mp3-preview/cb2b0096b08796c0c1cfeb31b9a9802ce0a3b44a?cid=9950ac751e34487dbbe027c4fd7f8e99,FALSE,78,spotify:user:dgd13qott8zs5e2si4st3j7a9,2020-03-23T20:38:29Z
spotify:track:6sPOmDulFtLzfX25zICNrC,Build Me Up Buttercup - Mono,spotify:artist:4GITZM5LCR2KcdlgEOrNLD,The Foundations,spotify:album:3j1kw5l2mEeKCUuXXwjhWp,The Foundations,1/1/1968,https://i.scdn.co/image/ab67616d0000b273dc345fdd58bb12b44f721444,1,7,177533,https://p.scdn.co/mp3-preview/f0c4c4262c179bafc235c15f7b05988e255804c7?cid=9950ac751e34487dbbe027c4fd7f8e99,FALSE,74,spotify:user:dgd13qott8zs5e2si4st3j7a9,2020-03-23T20:38:34Z
spotify:track:62bOmKYxYg7dhrC6gH9vFn,Bye Bye Bye,spotify:artist:6Ff53KvcvAj5U7Z1vojB5o,*NSYNC,spotify:album:20RMokVwJ2wjQ0s8FOdOFC,No Strings Attached,3/21/2000,https://i.scdn.co/image/ab67616d0000b273a6cb8fab778e1efc406a5909,1,1,200400,https://p.scdn.co/mp3-preview/72b91cb27fac7beb50a2deffdd8b821fba5ba950?cid=9950ac751e34487dbbe027c4fd7f8e99,FALSE,70,spotify:user:dgd13qott8zs5e2si4st3j7a9,2020-03-23T20:38:41Z
spotify:track:76hfruVvmfQbw0eYn1nmeC,Cake By The Ocean,spotify:artist:6T5tfhQCknKG4UnH90qGnz,DNCE,spotify:album:3Wv4X8OA65pGpFzBkuUgAh,DNCE,11/18/2016,https://i.scdn.co/image/ab67616d0000b2738d0a75346badc30c8b845be9,1,3,219146,https://p.scdn.co/mp3-preview/a75df109a51cefdc4872c8cd4bb3441cc6897ff2?cid=9950ac751e34487dbbe027c4fd7f8e99,TRUE,78,spotify:user:dgd13qott8zs5e2si4st3j7a9,2020-03-23T20:38:49Z
spotify:track:3djNBlI7xOggg7pnsOLaNm,California Love - Original Version,"spotify:artist:1ZwdS5xdxEREPySFridCfh, spotify:artist:3GMoVpWJy4smKuxFuFTwXC, spotify:artist:6DPYiyq5kWVQS4RGwxzPC7","2Pac, Roger, Dr. Dre",spotify:album:4Y9ISbppFbwk0r1XCLUi0I,The Best of 2Pac,12/3/2007,https://i.scdn.co/image/ab67616d0000b273c1c10d28c1887c2bb1f6b2fa,1,2,284480,https://p.scdn.co/mp3-preview/5d8eaad9cd9e8c1f060aea44109d9839c5eaeb59?cid=9950ac751e34487dbbe027c4fd7f8e99,TRUE,65,spotify:user:dgd13qott8zs5e2si4st3j7a9,2020-03-23T20:39:05Z
spotify:track:0WKYRFtH6KKbaNWjsxqm70,Gin And Juice (feat. Dat Nigga Daz),"spotify:artist:7hJcb9fa4alzcOq3EaNPoG, spotify:artist:5Jz9kKRnCRLTodCH58MyB4","Snoop Dogg, Daz Dillinger",spotify:album:7f9KDGqY7X2VLBM5aA66KM,Doggystyle,1993,https://i.scdn.co/image/ab67616d0000b273e50059a623feb4eec8dcd668,1,3,211493,,TRUE,22,spotify:user:dgd13qott8zs5e2si4st3j7a9,2020-03-23T20:39:12Z
spotify:track:7nYvUtkQMx1v80S2FH2s9J,Regulate,"spotify:artist:2B4ZHz4QDWJTXPFPgO5peE, spotify:artist:1Oa0bMld0A3u5OTYfMzp5h","Warren G, Nate Dogg",spotify:album:2VMGv3inRLPM4GOMXf37qu,Regulate… G Funk Era,6/7/1994,https://i.scdn.co/image/ab67616d0000b273f6b9b62ea130943d371b69ef,1,1,248866,https://p.scdn.co/mp3-preview/5c28c97ebd651ca2bc2bbedef48bc478c468c9bb?cid=9950ac751e34487dbbe027c4fd7f8e99,TRUE,73,spotify:user:dgd13qott8zs5e2si4st3j7a9,2020-03-23T20:39:16Z
spotify:track:5tORtBzHUAnNrIw5Ql3kHZ,Keep Your Hands to Yourself,spotify:artist:2hnzQ6eCFkxUIPsVcsdj8A,The Georgia Satellites,spotify:album:0obHqsEpkaCWGWGjxcdXel,Georgia Satellites,9/16/1986,https://i.scdn.co/image/ab67616d0000b27300047a23d0ee2bf07615c256,1,1,205000,https://p.scdn.co/mp3-preview/9e00434c730b769f6f648a586cf3798c52be967e?cid=9950ac751e34487dbbe027c4fd7f8e99,FALSE,60,spotify:user:dgd13qott8zs5e2si4st3j7a9,2020-03-23T20:39:43Z
spotify:track:3eBnEo9WL34ulBCZlLpUQO,Chicken Fried,spotify:artist:6yJCxee7QumYr820xdIsjo,Zac Brown Band,spotify:album:5GP6INOrUkZJyXOqoTUlxZ,The Foundation,11/17/2008,https://i.scdn.co/image/ab67616d0000b273edfb2a2f64775e05a194eb2a,1,6,238146,https://p.scdn.co/mp3-preview/55a49554cd2a46602b15a0ba15477073d938c915?cid=9950ac751e34487dbbe027c4fd7f8e99,FALSE,75,spotify:user:dgd13qott8zs5e2si4st3j7a9,2020-03-23T20:39:50Z
spotify:track:2Esf7NTKQNCPE4G17QvVCs,Toes,spotify:artist:6yJCxee7QumYr820xdIsjo,Zac Brown Band,spotify:album:5GP6INOrUkZJyXOqoTUlxZ,The Foundation,11/17/2008,https://i.scdn.co/image/ab67616d0000b273edfb2a2f64775e05a194eb2a,1,1,262773,https://p.scdn.co/mp3-preview/fdc8ad2df2713877ac2b3f23b0f013431c0a88c8?cid=9950ac751e34487dbbe027c4fd7f8e99,FALSE,70,spotify:user:dgd13qott8zs5e2si4st3j7a9,2020-03-23T20:39:53Z
spotify:track:3xdjjKMcMOFgo1eQrfbogM,Wagon Wheel,spotify:artist:7FY5V3XMwlNBPitEjXowHQ,Darius Rucker,spotify:album:6cowf7fdb5dgKoglTekOK8,True Believers,1/1/2013,https://i.scdn.co/image/ab67616d0000b2733c814f8afa852904e9db8a9f,1,3,298373,https://p.scdn.co/mp3-preview/ec91f1e20a66deb0923b44f4394e3a276dff2990?cid=9950ac751e34487dbbe027c4fd7f8e99,FALSE,75,spotify:user:dgd13qott8zs5e2si4st3j7a9,2020-03-23T20:39:55Z
spotify:track:7BKLCZ1jbUBVqRi2FVlTVw,Closer,"spotify:artist:69GGBxA162lTqCwzJG5jLp, spotify:artist:26VFTg2z8YR0cCuwLzESi2","The Chainsmokers, Halsey",spotify:album:0rSLgV8p5FzfnqlEk4GzxE,Closer,7/29/2016,https://i.scdn.co/image/ab67616d0000b273495ce6da9aeb159e94eaa453,1,1,244960,https://p.scdn.co/mp3-preview/8d3df1c64907cb183bff5a127b1525b530992afb?cid=9950ac751e34487dbbe027c4fd7f8e99,FALSE,84,spotify:user:dgd13qott8zs5e2si4st3j7a9,2020-03-23T20:40:12Z
spotify:track:3MrWxJaD2AT0W9DjWF64Vm,Come On Eileen,spotify:artist:4QTVePrFu1xuGM9K0kNXkk,Dexys Midnight Runners,spotify:album:7nCWzcMZanUBPZgZaKpzM6,Too Rye Ay,7/22/1982,https://i.scdn.co/image/ab67616d0000b2738bd8adbdc4727d9080240905,1,10,287306,https://p.scdn.co/mp3-preview/4c7d538bc6135f56e2dd66b8c1282fe833fc182b?cid=9950ac751e34487dbbe027c4fd7f8e99,FALSE,75,spotify:user:dgd13qott8zs5e2si4st3j7a9,2020-03-23T20:40:19Z
spotify:track:1hQFF33xi8ruavZNyovtUN,"December, 1963 (Oh What a Night!)",spotify:artist:6mcrZQmgzFGRWf7C0SObou,Frankie Valli & The Four Seasons,spotify:album:7fbHVufa1ZvEWWpDppEXHU,Who Loves You,1975,https://i.scdn.co/image/ab67616d0000b273206e2e76c3a706e4734d18ab,1,6,197146,https://p.scdn.co/mp3-preview/ea6858bb2274607555a5ace23e37d076b9fb4f91?cid=9950ac751e34487dbbe027c4fd7f8e99,FALSE,72,spotify:user:dgd13qott8zs5e2si4st3j7a9,2020-03-23T20:40:22Z
spotify:track:4o6BgsqLIBViaGVbx5rbRk,You Make My Dreams (Come True),spotify:artist:77tT1kLj6mCWtFNqiOmP9H,Daryl Hall & John Oates,spotify:album:4LniALl9S6YedTFdiZWOMS,Voices,1980,https://i.scdn.co/image/ab67616d0000b273fe1a9aa59e3c6189a09ae37a,1,8,190626,https://p.scdn.co/mp3-preview/d5af9ffeba186e73211fb837827cc848b8fa536b?cid=9950ac751e34487dbbe027c4fd7f8e99,FALSE,76,spotify:user:dgd13qott8zs5e2si4st3j7a9,2020-03-23T20:40:24Z
spotify:track:62AuGbAkt8Ox2IrFFb8GKV,Sweet Caroline,spotify:artist:7mEIug7XUlQHikrFxjTWes,Neil Diamond,spotify:album:6RfgcwsOUlWkGNAd6zjjYd,Sweet Caroline,6/6/1969,https://i.scdn.co/image/ab67616d0000b2732803d03e73b082ecc20a47dd,1,13,203573,https://p.scdn.co/mp3-preview/5dc7d71f3318648f13daa71f399bed35a49391c0?cid=9950ac751e34487dbbe027c4fd7f8e99,FALSE,77,spotify:user:dgd13qott8zs5e2si4st3j7a9,2020-03-23T20:40:25Z
spotify:track:0qRR9d89hIS0MHRkQ0ejxX,Rich Girl,spotify:artist:77tT1kLj6mCWtFNqiOmP9H,Daryl Hall & John Oates,spotify:album:5TNzBp7QYsXIHrI5xxVuic,Bigger Than Both Of Us,8/1/1976,https://i.scdn.co/image/ab67616d0000b27384c735ddad34a21eb9adebe7,1,2,142786,https://p.scdn.co/mp3-preview/90fabcf68d0219dd17e5f5b4742bc524d738e5fb?cid=9950ac751e34487dbbe027c4fd7f8e99,FALSE,71,spotify:user:dgd13qott8zs5e2si4st3j7a9,2020-03-23T20:40:27Z
spotify:track:1xOXXYh6lTW8laxlW7JP2J,Only the Good Die Young,spotify:artist:6zFYqv1mOsgBRQbae3JJ9e,Billy Joel,spotify:album:1Mhn9VosyjtWn4dMPFlna6,The Stranger (Legacy Edition),1977,https://i.scdn.co/image/ab67616d0000b2736ce61113662ecf693b605ee5,1,6,235560,https://p.scdn.co/mp3-preview/38bb6563aa7d0c9d0940fae8c1a2b63d02c93673?cid=9950ac751e34487dbbe027c4fd7f8e99,FALSE,65,spotify:user:dgd13qott8zs5e2si4st3j7a9,2020-03-23T20:40:30Z
spotify:track:0PsbWiVtix5FoTZ1s00mEl,Come Sail Away,spotify:artist:4salDzkGmfycRqNUbyBphh,Styx,spotify:album:6MFIBPVrZjHjP0pPkVF3IU,The Grand Illusion,1/1/1977,https://i.scdn.co/image/ab67616d0000b27388f0f719259b0dec23a7c367,1,4,367000,https://p.scdn.co/mp3-preview/565ab99a1883f73f3ba781c762cf508c2ec56972?cid=9950ac751e34487dbbe027c4fd7f8e99,FALSE,66,spotify:user:dgd13qott8zs5e2si4st3j7a9,2020-03-23T20:40:32Z
spotify:track:43btz2xjMKpcmjkuRsvxyg,Jack & Diane,spotify:artist:3lPQ2Fk5JOwGWAF3ORFCqH,John Mellencamp,spotify:album:4gouGcdQn9OvjX42xnWrF0,American Fool,1982,https://i.scdn.co/image/ab67616d0000b273b1945b44ce8868740f132f8e,1,2,254493,https://p.scdn.co/mp3-preview/08b33e98a5cb0c43982da67fd533b2956a3ba102?cid=9950ac751e34487dbbe027c4fd7f8e99,FALSE,73,spotify:user:dgd13qott8zs5e2si4st3j7a9,2020-03-23T20:40:36Z
spotify:track:7EHmKkyAr6MZv5Y2FdZbXw,Lights,spotify:artist:0rvjqX7ttXeg3mTy8Xscbt,Journey,spotify:album:7K4Nk5fHkCuzNm5A6mdo2U,Infinity,1978,https://i.scdn.co/image/ab67616d0000b2730647dd3673e754dd500f382b,1,1,190124,https://p.scdn.co/mp3-preview/51c5e725889996cb3cdf92ba06927bd161f7a8f9?cid=9950ac751e34487dbbe027c4fd7f8e99,FALSE,59,spotify:user:dgd13qott8zs5e2si4st3j7a9,2020-03-23T20:40:38Z
spotify:track:0VU5k3vCrpqDgUygMjiFYj,Copperhead Road,spotify:artist:2UBTfUoLI07iRqGeUrwhZh,Steve Earle,spotify:album:6IjDVtuYfRW1KjqQy2UzPJ,Copperhead Road,1/1/1988,https://i.scdn.co/image/ab67616d0000b27374ecd3830d95393473f61a12,1,1,269920,https://p.scdn.co/mp3-preview/0098a821915caa44036df4ad137572a6935c7952?cid=9950ac751e34487dbbe027c4fd7f8e99,FALSE,64,spotify:user:dgd13qott8zs5e2si4st3j7a9,2020-03-23T20:40:56Z
spotify:track:0yD66650JxhqKbW76C2qCo,Country Girl (Shake It For Me),spotify:artist:0BvkDsjIUla7X0k6CSWh1I,Luke Bryan,spotify:album:4ybWq0AegFFAvHULAe7q0K,Tailgates & Tanlines,8/9/2011,https://i.scdn.co/image/ab67616d0000b273b9e05b0be97dd9b2f79fb29e,1,1,225560,https://p.scdn.co/mp3-preview/49a832958dc85936165b9aec38abc637937dd556?cid=9950ac751e34487dbbe027c4fd7f8e99,FALSE,68,spotify:user:dgd13qott8zs5e2si4st3j7a9,2020-03-23T20:41:07Z
spotify:track:5HGibWoxnkYSkl6mHmAlOE,That's My Kind Of Night,spotify:artist:0BvkDsjIUla7X0k6CSWh1I,Luke Bryan,spotify:album:5M8gr5RV2eR6UkztC69ogB,Crash My Party,1/1/2013,https://i.scdn.co/image/ab67616d0000b27316fce2616744168b30462991,1,1,190186,https://p.scdn.co/mp3-preview/a2f6bef970ff8266eebd399aa8179e9a210df537?cid=9950ac751e34487dbbe027c4fd7f8e99,FALSE,68,spotify:user:dgd13qott8zs5e2si4st3j7a9,2020-03-23T20:41:10Z
spotify:track:0i5el041vd6nxrGEU8QRxy,Cruise,spotify:artist:3b8QkneNDz4JHKKKlLgYZg,Florida Georgia Line,spotify:album:5MH765pytbQasmDxXArTah,Here's To The Good Times,1/1/2012,https://i.scdn.co/image/ab67616d0000b273f5601676db551cb2a09e70a0,1,1,208960,https://p.scdn.co/mp3-preview/0f4af7762f559c7bb78477d28b47e1add3f573df?cid=9950ac751e34487dbbe027c4fd7f8e99,FALSE,70,spotify:user:dgd13qott8zs5e2si4st3j7a9,2020-03-23T20:41:12Z
spotify:track:6WCeFNVAXUtNczb7lqLiZU,Crocodile Rock,spotify:artist:3PhoLpVuITZKcymswpck5b,Elton John,spotify:album:1reJ8DttK5EGwdyf7y9FBR,Don't Shoot Me I'm Only The Piano Player,1/22/1973,https://i.scdn.co/image/ab67616d0000b273f67fbf0d465cca2b3e25af96,1,9,235440,https://p.scdn.co/mp3-preview/7521d0e06ad14c26b2e6907986f9ab1653a7436d?cid=9950ac751e34487dbbe027c4fd7f8e99,FALSE,70,spotify:user:dgd13qott8zs5e2si4st3j7a9,2020-03-23T20:41:27Z
spotify:track:34x6hEJgGAOQvmlMql5Ige,"Danger Zone - From ""Top Gun"" Original Soundtrack",spotify:artist:3Y3xIwWyq5wnNHPp5gPjOW,Kenny Loggins,spotify:album:3uN87hwClF0hult2cxMbAW,"Yesterday, Today, Tomorrow - The Greatest Hits Of Kenny Loggins",3/25/1997,https://i.scdn.co/image/ab67616d0000b27319db9ac54c80a898a179f0f1,1,5,215133,https://p.scdn.co/mp3-preview/37f82469e33bd437dd5b313796a6f7230d4dbd01?cid=9950ac751e34487dbbe027c4fd7f8e99,FALSE,71,spotify:user:dgd13qott8zs5e2si4st3j7a9,2020-03-23T20:41:36Z
spotify:track:7uEcCGtM1FBBGIhPozhJjv,Daydream Believer,spotify:artist:320EPCSEezHt1rtbfwH6Ck,The Monkees,spotify:album:2Ov6zb7NfgDh3EXSIIWrb2,"The Birds, The Bees, & The Monkees",4/22/1968,https://i.scdn.co/image/ab67616d0000b27376448e93fcf0b2298744ba97,1,5,179613,https://p.scdn.co/mp3-preview/78e3cbc2384dd58ad61c81dea32dc4694118bc12?cid=9950ac751e34487dbbe027c4fd7f8e99,FALSE,69,spotify:user:dgd13qott8zs5e2si4st3j7a9,2020-03-23T20:41:48Z
spotify:track:2TjnCxxQRYn56Ye8gkUKiW,Desperado - 2013 Remaster,spotify:artist:0ECwFtbIWEVNwjlrfc6xoL,Eagles,spotify:album:09WBxbis5Sixt01FVMs8UM,Desperado (2013 Remaster),1973,https://i.scdn.co/image/ab67616d0000b2732d73b1bb77cee09f0278be04,1,5,213712,https://p.scdn.co/mp3-preview/267a9470dbe63d8a229d898b4db4cdf83118ff22?cid=9950ac751e34487dbbe027c4fd7f8e99,FALSE,67,spotify:user:dgd13qott8zs5e2si4st3j7a9,2020-03-23T20:42:55Z
spotify:track:6zC0mpGYwbNTpk9SKwh08f,Wonderful Tonight,spotify:artist:6PAt558ZEZl0DmdXlnjMgD,Eric Clapton,spotify:album:5MAL7e4EnKXW1hFg6NbFqP,Slowhand 35th Anniversary (Super Deluxe),11/1/1977,https://i.scdn.co/image/ab67616d0000b2736f093a6ae88a5ca8ed53b9f7,1,2,225026,https://p.scdn.co/mp3-preview/7a0d45813b549c62fde81865e6bbb9eb9535efe8?cid=9950ac751e34487dbbe027c4fd7f8e99,FALSE,75,spotify:user:dgd13qott8zs5e2si4st3j7a9,2020-03-23T20:43:00Z
spotify:track:6gRACp2CvsIhc7hyw8CecQ,The Devil Went Down to Georgia,spotify:artist:12d4iIvTOk7JkI6ecvc3ca,The Charlie Daniels Band,spotify:album:211gVLmc36aeE66qEHqN0a,Million Mile Reflections,1979,https://i.scdn.co/image/ab67616d0000b273f6862fa8a9ae5d2375fbb014,1,6,215066,https://p.scdn.co/mp3-preview/1b27e97c4003928162d8be2bacd72632056d95d1?cid=9950ac751e34487dbbe027c4fd7f8e99,FALSE,60,spotify:user:dgd13qott8zs5e2si4st3j7a9,2020-03-23T20:43:10Z
spotify:track:60VtX59NsRINDnObbDtH7G,Dick In A Box,"spotify:artist:1f5GqyOPo0CkotzzRwviBu, spotify:artist:31TPClRtHm23RisEBtV3X7","The Lonely Island, Justin Timberlake",spotify:album:5uWFEnAIeksRbygyWNrmlZ,Incredibad,2009,https://i.scdn.co/image/ab67616d0000b273380381d633bf3b5a8357f17f,1,14,161053,https://p.scdn.co/mp3-preview/cab6e0c9ed1ae138f542ffc637c8df6156b6e830?cid=9950ac751e34487dbbe027c4fd7f8e99,TRUE,51,spotify:user:dgd13qott8zs5e2si4st3j7a9,2020-03-23T20:43:17Z
spotify:track:4bHsxqR3GMrXTxEPLuK5ue,Don't Stop Believin',spotify:artist:0rvjqX7ttXeg3mTy8Xscbt,Journey,spotify:album:43wpzak9OmQfrjyksuGwp0,Escape,1981,https://i.scdn.co/image/ab67616d0000b2738025ee6a56135658799b07ba,1,1,250986,https://p.scdn.co/mp3-preview/21b9abd3cd2eea634e17a917196fdd5ba2e82670?cid=9950ac751e34487dbbe027c4fd7f8e99,FALSE,80,spotify:user:dgd13qott8zs5e2si4st3j7a9,2020-03-23T20:43:38Z
spotify:track:37ZJ0p5Jm13JPevGcx4SkF,Livin' On A Prayer,spotify:artist:58lV9VcRSjABbAbfWS6skp,Bon Jovi,spotify:album:0kBfgEilUFCMIQY5IOjG4t,Slippery When Wet,8/16/1986,https://i.scdn.co/image/ab67616d0000b2731336b31b6a1799f0de5807ac,1,3,249293,https://p.scdn.co/mp3-preview/b8c106f15c5e80ddf010e9942dc6682ad290b256?cid=9950ac751e34487dbbe027c4fd7f8e99,FALSE,82,spotify:user:dgd13qott8zs5e2si4st3j7a9,2020-03-23T20:43:41Z
spotify:track:7e89621JPkKaeDSTQ3avtg,Sweet Home Alabama,spotify:artist:4MVyzYMgTwdP7Z49wAZHx0,Lynyrd Skynyrd,spotify:album:54V1ljNtyzAm053oJqi0SH,Second Helping,4/15/1974,https://i.scdn.co/image/ab67616d0000b27317e1907923e91181f38290ac,1,1,283800,https://p.scdn.co/mp3-preview/56c87d16c2f7514de3887a75e1084849b4f33198?cid=9950ac751e34487dbbe027c4fd7f8e99,FALSE,81,spotify:user:dgd13qott8zs5e2si4st3j7a9,2020-03-23T20:43:43Z
spotify:track:2hKdd3qO7cWr2Jo0Bcs0MA,Drops of Jupiter (Tell Me),spotify:artist:3FUY2gzHeIiaesXtOAdB7A,Train,spotify:album:6j6Zgm7vzAZegr48UppFVT,Drops Of Jupiter,3/27/2001,https://i.scdn.co/image/ab67616d0000b2732ef3da51abb9151f7d013aa7,1,3,259933,https://p.scdn.co/mp3-preview/dd63090aa1fc20e712ec34f0240d25557101ba79?cid=9950ac751e34487dbbe027c4fd7f8e99,FALSE,77,spotify:user:dgd13qott8zs5e2si4st3j7a9,2020-03-23T20:43:55Z
spotify:track:1Dg4dFJr3HW7sbA7vPejre,Eight Days A Week - Remastered 2009,spotify:artist:3WrFJ7ztbogyGnTHbHJFl2,The Beatles,spotify:album:1vANZV20H5B4Fk6yf7Ot9a,Beatles For Sale (Remastered),12/4/1964,https://i.scdn.co/image/ab67616d0000b27355612ece447bec5d62c68375,1,8,163600,https://p.scdn.co/mp3-preview/cc182cf1769a3277a061da4c90480a63ece9abee?cid=9950ac751e34487dbbe027c4fd7f8e99,FALSE,64,spotify:user:dgd13qott8zs5e2si4st3j7a9,2020-03-23T20:44:08Z
spotify:track:43GS3mtezoIFiuIZCLLiDY,Every Rose Has Its Thorn - Remastered 2003,spotify:artist:1fBCIkoPOPCDLUxGuWNvyo,Poison,spotify:album:2AMWVB3FWknjcMeb6hMZnd,Open Up And Say...Ahh! (20th Anniversary Edition),3/21/1988,https://i.scdn.co/image/ab67616d0000b273b4e4e7ee52c6fc8be77d8a33,1,8,260173,https://p.scdn.co/mp3-preview/1f072033712b02b22b31e6b2991c2d2da9c6a672?cid=9950ac751e34487dbbe027c4fd7f8e99,FALSE,71,spotify:user:dgd13qott8zs5e2si4st3j7a9,2020-03-23T20:44:18Z
spotify:track:4T6HLdP6OcAtqC6tGnQelG,Everything,spotify:artist:1GxkXlMwML1oSg5eLPiAz3,Michael Bublé,spotify:album:3h4pyWRJIB9ZyRKXChbX22,Call Me Irresponsible,4/30/2007,https://i.scdn.co/image/ab67616d0000b2732ceedc8c879a1f6784fbeef5,1,9,212373,https://p.scdn.co/mp3-preview/cc3b7444ee1e70d073f762c60d211c313bdc9385?cid=9950ac751e34487dbbe027c4fd7f8e99,FALSE,70,spotify:user:dgd13qott8zs5e2si4st3j7a9,2020-03-23T20:44:29Z
spotify:track:2KH16WveTQWT6KOG9Rg6e2,Eye of the Tiger,spotify:artist:26bcq2nyj5GB7uRr558iQg,Survivor,spotify:album:3t3BbpFJiGcXl4jI5CRLLA,Rocky IV,1985,https://i.scdn.co/image/ab67616d0000b273f4a2ccbe20d6d52f16816812,1,4,245640,https://p.scdn.co/mp3-preview/9e37f230afd37042e49f3d144c3b94e0b39ef8ba?cid=9950ac751e34487dbbe027c4fd7f8e99,FALSE,75,spotify:user:dgd13qott8zs5e2si4st3j7a9,2020-03-23T20:44:35Z
spotify:track:4ycLiPVzE5KamivXrAzGFG,Fuck You,spotify:artist:5nLYd9ST4Cnwy6NHaCxbj8,CeeLo Green,spotify:album:3MXU6UoWrf4w4bOvjZTlvY,The Lady Killer,11/9/2010,https://i.scdn.co/image/ab67616d0000b2736f50b3400595b123a916e0dc,1,3,222933,https://p.scdn.co/mp3-preview/6216c11e7e4985b35e4187765225b0d873e94f72?cid=9950ac751e34487dbbe027c4fd7f8e99,TRUE,66,spotify:user:dgd13qott8zs5e2si4st3j7a9,2020-03-23T20:44:42Z
spotify:track:4BVzMXl6fgEC82DpjTZD0T,Fuck Her Gently,spotify:artist:1XpDYCrUJnvCo9Ez6yeMWh,Tenacious D,spotify:album:7mv1ciCld5Bp1y6TDGtjQY,Tenacious D,9/25/2001,https://i.scdn.co/image/ab67616d0000b273869a8f064058a6e0ae44e089,1,6,123666,https://p.scdn.co/mp3-preview/cf21d7a955ca43e59de41006edf411810f5c6136?cid=9950ac751e34487dbbe027c4fd7f8e99,TRUE,44,spotify:user:dgd13qott8zs5e2si4st3j7a9,2020-03-23T20:44:50Z
spotify:track:57ebBLITHpRgRKGrlbxMZS,Faithfully,spotify:artist:0rvjqX7ttXeg3mTy8Xscbt,Journey,spotify:album:2EFUNYmwxe0AOGxBORrfaw,Frontiers,2/1/1983,https://i.scdn.co/image/ab67616d0000b27338ac6dd1653bc2c69c9ed8dd,1,5,267080,https://p.scdn.co/mp3-preview/e32034615bca1b46c7a11c8653f9e3cba53c2a29?cid=9950ac751e34487dbbe027c4fd7f8e99,FALSE,67,spotify:user:dgd13qott8zs5e2si4st3j7a9,2020-03-23T20:44:57Z
spotify:track:73ZTWCuwudUVvvWipRnQnQ,Family Tradition,spotify:artist:2dyeCWctcFRt3Pha76ONgb,"Hank Williams\, Jr.",spotify:album:3nJf4jGn7mru28s5ZUVIx4,Family Tradition,1979,https://i.scdn.co/image/ab67616d0000b2736f27df1fe7aa9ea757be6a1c,1,6,242960,https://p.scdn.co/mp3-preview/112fe491183f3edadb28f44be75faa9fdb26bb06?cid=9950ac751e34487dbbe027c4fd7f8e99,FALSE,65,spotify:user:dgd13qott8zs5e2si4st3j7a9,2020-03-23T20:45:08Z
spotify:track:2t8bnZqxfcEybJ47qOPPTn,You Never Even Called Me By My Name,spotify:artist:6nwh8AhPpbwOUnHZJWrHT6,David Allan Coe,spotify:album:0gETy5dF8aflh0F52lXaWZ,For The Record- The First 10 Years,1974,https://i.scdn.co/image/ab67616d0000b27329346c13d6984429658efb0a,1,1,314066,,FALSE,52,spotify:user:dgd13qott8zs5e2si4st3j7a9,2020-03-23T20:45:11Z
spotify:track:1FTlLpP6V05yJWmcIg0rlK,Mama Tried - Remastered 2001,spotify:artist:3mSAqBoXQgdlpwzWsIgBzL,Merle Haggard & The Strangers,spotify:album:0f6Gx3lFLqdcY8XSXMKgCm,Mama Tried,1/1/2001,https://i.scdn.co/image/ab67616d0000b273915793347f4c2890b967552c,1,1,132626,https://p.scdn.co/mp3-preview/3f0465cc97b2a8ad2aa648a0714793c1f4e94ed6?cid=9950ac751e34487dbbe027c4fd7f8e99,FALSE,56,spotify:user:dgd13qott8zs5e2si4st3j7a9,2020-03-23T20:45:14Z
spotify:track:39sH8Fl415P7O8GRP1Td6Z,Fat Bottomed Girls,spotify:artist:1dfeR4HaWDbWqFHLkxsg1d,Queen,spotify:album:5X3rA8To5GDOeIWdQyMEcE,Jazz,11/10/1978,https://i.scdn.co/image/ab67616d0000b2735e5bfba76defb59b3acf6c47,1,2,255533,https://p.scdn.co/mp3-preview/8963902d01b481dd2410f2bef20cd23846ec378f?cid=9950ac751e34487dbbe027c4fd7f8e99,FALSE,53,spotify:user:dgd13qott8zs5e2si4st3j7a9,2020-03-23T20:45:32Z
spotify:track:3KPwt1LBpt1jVSHz8GXERo,Feel like Makin' Love - 2015 Remaster,spotify:artist:5AEG63ajney2BoDXi0Vb84,Bad Company,spotify:album:1LgPUiosPMevbB4NHxcNiO,Straight Shooter,1975,https://i.scdn.co/image/ab67616d0000b2739baa3a2390773faeca065aa8,1,2,313840,https://p.scdn.co/mp3-preview/96a755f91a8373502212a3947e2987593e08c8a6?cid=9950ac751e34487dbbe027c4fd7f8e99,FALSE,67,spotify:user:dgd13qott8zs5e2si4st3j7a9,2020-03-23T20:45:40Z
spotify:track:3i5QyEUyXa9Y7lIklr5sWk,Fishing In The Dark,spotify:artist:7y70dch6JuuuNnwlsOQvwW,Nitty Gritty Dirt Band,spotify:album:3eI6PUZit1cF2ty6l7sXjI,Anthology,9/29/2017,https://i.scdn.co/image/ab67616d0000b273e61defa39ec355964a4f24ba,2,7,201986,https://p.scdn.co/mp3-preview/2bcefee70d3ed96512630347b705853a4e3f10bb?cid=9950ac751e34487dbbe027c4fd7f8e99,FALSE,56,spotify:user:dgd13qott8zs5e2si4st3j7a9,2020-03-23T20:46:03Z
spotify:track:2dR5WkrpwylTuT3jRWNufa,Fly Me To The Moon - Remastered,"spotify:artist:1Mxqyy3pSjf8kZZL4QVxS0, spotify:artist:2jFZlvIea42ZvcCw4OeEdA","Frank Sinatra, Count Basie",spotify:album:7gmak9ZGm10y4PtZa9SBQn,Ultimate Sinatra,4/21/2015,https://i.scdn.co/image/ab67616d0000b273b19cb81319fbfd9ed54baeae,1,17,147146,https://p.scdn.co/mp3-preview/d4a5871bbb8e257cffa1d6deec46d968d078935a?cid=9950ac751e34487dbbe027c4fd7f8e99,FALSE,66,spotify:user:dgd13qott8zs5e2si4st3j7a9,2020-03-23T20:46:11Z
spotify:track:0Avmi9t3sOcaGSs1DSbgDg,Folsom Prison Blues,spotify:artist:6kACVPfCOnqzgfEF5ryl0x,Johnny Cash,spotify:album:4449MfWtDgtRQBYZvbPqV6,With His Hot and Blue Guitar,10/11/1957,https://i.scdn.co/image/ab67616d0000b273fd6d9f8b6b21c11de909a6e1,1,11,168554,https://p.scdn.co/mp3-preview/a7ff661a2fad70cb21cf99e585d9ebd2f745470a?cid=9950ac751e34487dbbe027c4fd7f8e99,FALSE,55,spotify:user:dgd13qott8zs5e2si4st3j7a9,2020-03-23T20:46:17Z
spotify:track:2vz1CsL5WBsbpBcwgboTAw,"Footloose - From ""Footloose"" Soundtrack",spotify:artist:3Y3xIwWyq5wnNHPp5gPjOW,Kenny Loggins,spotify:album:4FZ9s0pelFSliPWhVEWRcC,Footloose (15th Anniversary Collectors' Edition),1984,https://i.scdn.co/image/ab67616d0000b2733b7492bb678d5d51683444ae,1,1,226826,https://p.scdn.co/mp3-preview/ab731e85f55caa38a697c1e825728df2f78e5c85?cid=9950ac751e34487dbbe027c4fd7f8e99,FALSE,70,spotify:user:dgd13qott8zs5e2si4st3j7a9,2020-03-23T20:46:24Z
spotify:track:1ipcb9qXpSHWhSUvdxJhsx,"Forever and Ever, Amen",spotify:artist:1pTuR132U5b4Rizal2Pr7m,Randy Travis,spotify:album:28ZWOeiZ8l4Uydl3hZjvgv,Always & Forever,5/4/1987,https://i.scdn.co/image/ab67616d0000b273723376f081b369b02795a7fb,1,6,212640,https://p.scdn.co/mp3-preview/fd26f12ffdbde87d3cda42efcb5af2988a49c374?cid=9950ac751e34487dbbe027c4fd7f8e99,FALSE,65,spotify:user:dgd13qott8zs5e2si4st3j7a9,2020-03-23T20:46:35Z
spotify:track:5tVA6TkbaAH9QMITTQRrNv,Free Fallin',spotify:artist:2UZMlIwnkgAEDBsw1Rejkn,Tom Petty,spotify:album:5d71Imt5CIb7LpQwDMQ093,Full Moon Fever,1/1/1989,https://i.scdn.co/image/ab67616d0000b27336572e6726714544f5bed456,1,1,256000,https://p.scdn.co/mp3-preview/96b4f94c82b38c4085f56f0abec8ab93f3946a2a?cid=9950ac751e34487dbbe027c4fd7f8e99,FALSE,77,spotify:user:dgd13qott8zs5e2si4st3j7a9,2020-03-23T20:46:43Z
spotify:track:5EWPGh7jbTNO2wakv8LjUI,Free Bird,spotify:artist:4MVyzYMgTwdP7Z49wAZHx0,Lynyrd Skynyrd,spotify:album:6DExt1eX4lflLacVjHHbOs,Pronounced' Leh-'Nerd 'Skin-'Nerd,1/1/1973,https://i.scdn.co/image/ab67616d0000b273128450651c9f0442780d8eb8,1,8,547106,https://p.scdn.co/mp3-preview/61b8e25401e7b2f03cc789c0e9f9b5dc01ea7c90?cid=9950ac751e34487dbbe027c4fd7f8e99,FALSE,70,spotify:user:dgd13qott8zs5e2si4st3j7a9,2020-03-23T20:46:53Z
spotify:track:4y1LsJpmMti1PfRQV9AWWe,Girls Just Want to Have Fun,spotify:artist:2BTZIqw0ntH9MvilQ3ewNY,Cyndi Lauper,spotify:album:1FvdZ1oizXwF9bxogujoF0,She's So Unusual,10/14/1983,https://i.scdn.co/image/ab67616d0000b27352f532df7ba3269b0242fed9,1,2,238266,https://p.scdn.co/mp3-preview/7a91e696b3f362ff96b3c9dfc3c6d4a34127459b?cid=9950ac751e34487dbbe027c4fd7f8e99,FALSE,77,spotify:user:dgd13qott8zs5e2si4st3j7a9,2020-03-23T20:47:06Z
spotify:track:4xh7W7tlNMIczFhupCPniY,Go Your Own Way - 2004 Remaster,spotify:artist:08GQAI4eElDnROBrJRGE0X,Fleetwood Mac,spotify:album:0BwWUstDMUbgq2NYONRqlu,Rumours (Super Deluxe),2/4/1977,https://i.scdn.co/image/ab67616d0000b273e52a59a28efa4773dd2bfe1b,1,5,223613,https://p.scdn.co/mp3-preview/302c9a7eb9231f5d3deccd69830473d20475bc92?cid=9950ac751e34487dbbe027c4fd7f8e99,FALSE,73,spotify:user:dgd13qott8zs5e2si4st3j7a9,2020-03-23T20:47:13Z
spotify:track:6ORqU0bHbVCRjXm9AjyHyZ,Good Riddance (Time of Your Life),spotify:artist:7oPftvlwr6VrsViSDV7fJY,Green Day,spotify:album:3x2uer6Xh0d5rF8toWpRDA,Nimrod,10/14/1997,https://i.scdn.co/image/ab67616d0000b273da4f6706ae0f2501c61ce776,1,17,153466,https://p.scdn.co/mp3-preview/e12bf548d4633c9877b3772493bf9a980511b926?cid=9950ac751e34487dbbe027c4fd7f8e99,TRUE,75,spotify:user:dgd13qott8zs5e2si4st3j7a9,2020-03-23T20:47:19Z
spotify:track:5UvE5QlINnvEc7aFO14DVL,Great Balls Of Fire,spotify:artist:2zyz0VJqrDXeFDIyrfVXSo,Jerry Lee Lewis,spotify:album:18MP7PeHp7MysDCRP2TNpt,The Golden Rock Hits Of Jerry Lee Lewis,5/13/1964,https://i.scdn.co/image/ab67616d0000b27369164b514dd74bee43e6898d,1,3,109706,https://p.scdn.co/mp3-preview/d06b77b23c98f61f833fe3cc95319d42f6b09d05?cid=9950ac751e34487dbbe027c4fd7f8e99,FALSE,66,spotify:user:dgd13qott8zs5e2si4st3j7a9,2020-03-23T20:47:26Z
spotify:track:5DnT9a5IM3eMjKgXTWVJvi,Have You Ever Seen The Rain,spotify:artist:3IYUhFvPQItj6xySrBmZkd,Creedence Clearwater Revival,spotify:album:3tbpe74iBR23O8uiQlLrXC,Pendulum,12/7/1970,https://i.scdn.co/image/ab67616d0000b2739b7a4a59ac03447db7491f37,1,4,160333,https://p.scdn.co/mp3-preview/5d1d137946a8a0fb23f3ca08d054e62f695d5c44?cid=9950ac751e34487dbbe027c4fd7f8e99,FALSE,70,spotify:user:dgd13qott8zs5e2si4st3j7a9,2020-03-23T20:47:32Z
spotify:track:3ntrdR24dLkKrzSGRv1FlH,Stand By Me - Remastered 2010,spotify:artist:4x1nvY2FN8jxqAFA0DA02H,John Lennon,spotify:album:4D5tTcz72CXGPtzTabLTDY,Rock 'N' Roll,2/17/1975,https://i.scdn.co/image/ab67616d0000b273deff2baac6fa39c289c3ab0e,1,2,211666,https://p.scdn.co/mp3-preview/97648a7ffd71e3469c4cb6a658944650574ec421?cid=9950ac751e34487dbbe027c4fd7f8e99,FALSE,65,spotify:user:dgd13qott8zs5e2si4st3j7a9,2020-03-23T20:47:38Z
spotify:track:40riOy7x9W7GXjyGp4pjAv,Hotel California - 2013 Remaster,spotify:artist:0ECwFtbIWEVNwjlrfc6xoL,Eagles,spotify:album:2widuo17g5CEC66IbzveRu,Hotel California (2013 Remaster),12/8/1976,https://i.scdn.co/image/ab67616d0000b2734637341b9f507521afa9a778,1,1,391376,https://p.scdn.co/mp3-preview/50e82c99c20ffa4223e82250605bbd8500cb3928?cid=9950ac751e34487dbbe027c4fd7f8e99,FALSE,82,spotify:user:dgd13qott8zs5e2si4st3j7a9,2020-03-23T20:47:39Z
spotify:track:6dGnYIeXmHdcikdzNNDMm2,Here Comes The Sun - Remastered 2009,spotify:artist:3WrFJ7ztbogyGnTHbHJFl2,The Beatles,spotify:album:0ETFjACtuP2ADo6LFhL6HN,Abbey Road (Remastered),9/26/1969,https://i.scdn.co/image/ab67616d0000b273dc30583ba717007b00cceb25,1,7,185733,https://p.scdn.co/mp3-preview/6902e7da51d2f17e5369d57dadf8ce7d2a123f99?cid=9950ac751e34487dbbe027c4fd7f8e99,FALSE,81,spotify:user:dgd13qott8zs5e2si4st3j7a9,2020-03-23T20:47:52Z
spotify:track:0aym2LBJBk9DAYuHHutrIl,Hey Jude - Remastered 2015,spotify:artist:3WrFJ7ztbogyGnTHbHJFl2,The Beatles,spotify:album:7vEJAtP3KgKSpOHVgwm3Eh,1 (Remastered),11/13/2000,https://i.scdn.co/image/ab67616d0000b273582d56ce20fe0146ffa0e5cf,1,21,425653,https://p.scdn.co/mp3-preview/c718fc992246a4b070500515880bed0b517631ab?cid=9950ac751e34487dbbe027c4fd7f8e99,FALSE,74,spotify:user:dgd13qott8zs5e2si4st3j7a9,2020-03-23T20:47:55Z
spotify:track:2PpruBYCo4H7WOBJ7Q2EwM,Hey Ya!,spotify:artist:1G9G7WwrXka3Z1r7aIDjI7,Outkast,spotify:album:1UsmQ3bpJTyK6ygoOOjG1r,Speakerboxxx/The Love Below,2003,https://i.scdn.co/image/ab67616d0000b2736a6387ab37f64034cdc7b367,2,9,235213,https://p.scdn.co/mp3-preview/36edaaf99f026324cf2e3a6118ba3f02ea80fc31?cid=9950ac751e34487dbbe027c4fd7f8e99,FALSE,78,spotify:user:dgd13qott8zs5e2si4st3j7a9,2020-03-23T20:48:05Z
spotify:track:3ZFTkvIE7kyPt6Nu3PEa7V,Hips Don't Lie (feat. Wyclef Jean),"spotify:artist:0EmeFodog0BfCgMzAIvKQp, spotify:artist:7aBzpmFXB4WWpPl2F7RjBe","Shakira, Wyclef Jean",spotify:album:5ppnlEoj4HdRRdRihnY3jU,"Oral Fixation, Vol. 2 (Expanded Edition)",11/28/2005,https://i.scdn.co/image/ab67616d0000b27327ddd747545c0d0cfe7595fa,1,3,218093,https://p.scdn.co/mp3-preview/3859547944f57cfb7b996f6551148c9467889d4b?cid=9950ac751e34487dbbe027c4fd7f8e99,FALSE,82,spotify:user:dgd13qott8zs5e2si4st3j7a9,2020-03-23T20:48:11Z
spotify:track:712V9jTkt0YbKTC9cNpw5P,Hit Me Baby One More Time,spotify:artist:5hUr0k1nAGhFu8XT5O56Br,Futones,spotify:album:6EA5smR7uFdLTA3wJEOdiI,Fu of Our Favorite Things,11/8/2019,https://i.scdn.co/image/ab67616d0000b27351f2f3db13cd164143108c51,1,2,187333,https://p.scdn.co/mp3-preview/12152a8f5bcddc1d6570a4800dd414beab331cb5?cid=9950ac751e34487dbbe027c4fd7f8e99,FALSE,23,spotify:user:dgd13qott8zs5e2si4st3j7a9,2020-03-23T20:49:40Z
spotify:track:3fnPv1LRMxENr63afVhaz1,Honky Tonk Women,spotify:artist:22bE4uQ6baNwSHPVcDxLCe,The Rolling Stones,spotify:album:1bp4Aq0SnjhifrYaKbfSdS,Honky Tonk Women / You Can't Always Get What You Want,11/29/2019,https://i.scdn.co/image/ab67616d0000b273f27dae5cc83df7f478bc44f2,1,3,182706,https://p.scdn.co/mp3-preview/11e4e2839d7eac3a01350fc77db3a15c0a35ef52?cid=9950ac751e34487dbbe027c4fd7f8e99,FALSE,58,spotify:user:dgd13qott8zs5e2si4st3j7a9,2020-03-23T20:49:48Z
spotify:track:6Ac4NVYYl2U73QiTt11ZKd,Hooked on a Feeling,"spotify:artist:0UpuH5U4nZ3UGGUJi0Zfbp, spotify:artist:1Ek3VdZ8EPmcvgRIqnHlrF","Blue Swede, Björn Skifs",spotify:album:6fBMaH0IiymemwFKmn18Ze,Hooked On A Feeling,1973,https://i.scdn.co/image/ab67616d0000b273b2439940aedd2801c9ae2e5b,1,1,172866,https://p.scdn.co/mp3-preview/f4d2ded715803f9fe52b09bf38725b6a888ba45a?cid=9950ac751e34487dbbe027c4fd7f8e99,FALSE,74,spotify:user:dgd13qott8zs5e2si4st3j7a9,2020-03-23T20:49:55Z
spotify:track:64Ny7djQ6rNJspquof2KoX,Hound Dog,spotify:artist:43ZHCT0cAZBISjO8DG9PnE,Elvis Presley,spotify:album:0C3t1htEDTFKcg7F2rNbek,Elvis' Golden Records,3/21/1958,https://i.scdn.co/image/ab67616d0000b27320ee3e86e17f17239bef1f76,1,1,136026,https://p.scdn.co/mp3-preview/f683997c027a50649aa3b6c627cd67bd1a9364f5?cid=9950ac751e34487dbbe027c4fd7f8e99,FALSE,66,spotify:user:dgd13qott8zs5e2si4st3j7a9,2020-03-23T20:50:09Z
spotify:track:7BY005dacJkbO6EPiOh2wb,House Of The Rising Sun,spotify:artist:3ICflSq6ZgYAIrm2CTkfVP,The Animals,spotify:album:0Xwkx2TLFwRcoK0OWQ0Msa,The Animals,1/1/1964,https://i.scdn.co/image/ab67616d0000b2733c534611bd3658006378a2d7,1,1,271280,https://p.scdn.co/mp3-preview/591808941cce9c4d077a55d698d32279830b6fe9?cid=9950ac751e34487dbbe027c4fd7f8e99,FALSE,69,spotify:user:dgd13qott8zs5e2si4st3j7a9,2020-03-23T20:50:15Z
spotify:track:2zF8ro2hX0aEYaqXQdEKW1,How Sweet It Is (To Be Loved By You),spotify:artist:3koiLjNrgRTNbOwViDipeA,Marvin Gaye,spotify:album:1kYeM6oy6I8tK7668jM7Hw,How Sweet It Is To Be Loved By You,1965,https://i.scdn.co/image/ab67616d0000b273be2a24c5667e20b2105b4020,1,2,177773,https://p.scdn.co/mp3-preview/0ba2ce79a368aa900345a61d05f656849d4f26a4?cid=9950ac751e34487dbbe027c4fd7f8e99,FALSE,60,spotify:user:dgd13qott8zs5e2si4st3j7a9,2020-03-23T20:50:21Z
spotify:track:4vp2J1l5RD4gMZwGFLfRAu,I Gotta Feeling,spotify:artist:1yxSLGMDHlW21z4YXirZDS,Black Eyed Peas,spotify:album:36fdxiOzdlmsrHgGcfvqUJ,THE E.N.D. (THE ENERGY NEVER DIES),1/1/2009,https://i.scdn.co/image/ab67616d0000b273f051a314bb7eaa973c795176,1,5,289133,https://p.scdn.co/mp3-preview/05f472bfed895c04c181dabe767840289e8a215c?cid=9950ac751e34487dbbe027c4fd7f8e99,FALSE,72,spotify:user:dgd13qott8zs5e2si4st3j7a9,2020-03-23T20:50:41Z
spotify:track:2Cdvbe2G4hZsnhNMKyGrie,I Love Rock 'N Roll,spotify:artist:1Fmb52lZ6Jv7FMWXXTPO3K,Joan Jett & The Blackhearts,spotify:album:555qwe1qUgLdee80TZ2CQt,I Love Rock 'N' Roll (Expanded Edition),11/18/1981,https://i.scdn.co/image/ab67616d0000b2733c73b2e0a6aa490736f19751,1,1,175173,https://p.scdn.co/mp3-preview/ad274b86895873e529858bf3a090e2820170ef98?cid=9950ac751e34487dbbe027c4fd7f8e99,FALSE,73,spotify:user:dgd13qott8zs5e2si4st3j7a9,2020-03-23T20:50:49Z
spotify:track:3KiexfmhxHvG5IgAElmTkd,I Saw Her Standing There - Remastered 2009,spotify:artist:3WrFJ7ztbogyGnTHbHJFl2,The Beatles,spotify:album:3KzAvEXcqJKBF97HrXwlgf,Please Please Me (Remastered),3/22/1963,https://i.scdn.co/image/ab67616d0000b273dbeec63ad914c973e75c24df,1,1,173946,https://p.scdn.co/mp3-preview/a4d434ad1d3143f7d37630d66fc8793c9f42c9c6?cid=9950ac751e34487dbbe027c4fd7f8e99,FALSE,68,spotify:user:dgd13qott8zs5e2si4st3j7a9,2020-03-23T20:50:59Z
spotify:track:6e40mgJiCid5HRAGrbpGA6,I Want It That Way,spotify:artist:5rSXSAkZ67PYJSvpUpkOr7,Backstreet Boys,spotify:album:1NslKOZobWxINFaFkLol3r,The Hits--Chapter One,10/23/2001,https://i.scdn.co/image/ab67616d0000b273c2f0d820b1113f9a243fb973,1,1,213600,https://p.scdn.co/mp3-preview/e72a05dc3f69c891e3390c3ceaa77fad02f6b5f6?cid=9950ac751e34487dbbe027c4fd7f8e99,FALSE,76,spotify:user:dgd13qott8zs5e2si4st3j7a9,2020-03-23T20:51:14Z
spotify:track:7cv28LXcjAC3GsXbUvXKbX,I Will Survive - Single Version,spotify:artist:6V6WCgi7waF55bJmylC4H5,Gloria Gaynor,spotify:album:2BU2SNYoIPtZvGEJckdIhx,20th Century Masters: The Millennium Collection: Best Of Gloria Gaynor,1/1/2000,https://i.scdn.co/image/ab67616d0000b273a6479db910d22f5aa4546af1,1,11,198066,https://p.scdn.co/mp3-preview/1122a0dfd31fd8bebd7a26b917398e40213f1b3f?cid=9950ac751e34487dbbe027c4fd7f8e99,FALSE,71,spotify:user:dgd13qott8zs5e2si4st3j7a9,2020-03-23T20:51:26Z
spotify:track:3hzGG9zeth0GbySZQLmJnG,I Would Do Anything For Love (But I Won't Do That) - Orchestral Version,"spotify:artist:7dnB1wSxbYa8CejeVg98hz, spotify:artist:6AnjHMqEAps8VJdHU8RykH","Meat Loaf, Imelda May",spotify:album:4KcYAJLJw0I5UMaY9cDlk6,Braver Than We Are,9/16/2016,https://i.scdn.co/image/ab67616d0000b273264fa2d9c4598e347e4001c8,1,13,619613,https://p.scdn.co/mp3-preview/8fd782ca92eb66d172013472e65c4f5133870993?cid=9950ac751e34487dbbe027c4fd7f8e99,FALSE,44,spotify:user:dgd13qott8zs5e2si4st3j7a9,2020-03-23T20:51:33Z
spotify:track:3IQSYqnKsCTMLWn2xE3HFT,I'm On A Boat,"spotify:artist:1f5GqyOPo0CkotzzRwviBu, spotify:artist:3aQeKQSyrW4qWr35idm0cy","The Lonely Island, T-Pain",spotify:album:5uWFEnAIeksRbygyWNrmlZ,Incredibad,2009,https://i.scdn.co/image/ab67616d0000b273380381d633bf3b5a8357f17f,1,4,156266,https://p.scdn.co/mp3-preview/58e269d40c294184afd295a1d046e3578aefac8f?cid=9950ac751e34487dbbe027c4fd7f8e99,TRUE,58,spotify:user:dgd13qott8zs5e2si4st3j7a9,2020-03-23T20:51:40Z
spotify:track:5RsUlxLto4NZbhJpqJbHfN,Jessie's Girl,spotify:artist:6IFXsrXBpwbIqtOUOiAa3p,Rick Springfield,spotify:album:4KKFWTePKtgb6mOwFDqxYa,Working Class Dog,1981,https://i.scdn.co/image/ab67616d0000b2734a57b8b911a372d77dfc1ba7,1,2,194120,https://p.scdn.co/mp3-preview/46aae0e60961be0e8b705fcd5e5bf778c11ff313?cid=9950ac751e34487dbbe027c4fd7f8e99,FALSE,70,spotify:user:dgd13qott8zs5e2si4st3j7a9,2020-03-23T20:51:53Z
spotify:track:2QfiRTz5Yc8DdShCxG1tB2,Johnny B. Goode,spotify:artist:293zczrfYafIItmnmM3coR,Chuck Berry,spotify:album:6eedtCtCjibu80yOhylSGL,Berry Is On Top,7/1/1959,https://i.scdn.co/image/ab67616d0000b273a496dc8c33ca6d10668b3157,1,6,161560,https://p.scdn.co/mp3-preview/a8eecb614f4a6895be924517994fff77e41e4efe?cid=9950ac751e34487dbbe027c4fd7f8e99,FALSE,74,spotify:user:dgd13qott8zs5e2si4st3j7a9,2020-03-23T20:52:30Z
spotify:track:1bp2IO61zbQrbWNmKKxg3f,The Joker,spotify:artist:6QtGlUje9TIkLrgPZrESuk,Steve Miller Band,spotify:album:5uYNj1HkZrWKAkhEYcGmJr,The Joker,1/1/1973,https://i.scdn.co/image/ab67616d0000b273375445cc7a2aedff11361b51,1,5,264503,https://p.scdn.co/mp3-preview/aa50637f8c38aec5b76bf509c67c3af803183511?cid=9950ac751e34487dbbe027c4fd7f8e99,FALSE,75,spotify:user:dgd13qott8zs5e2si4st3j7a9,2020-03-23T20:52:41Z
spotify:track:2ymeOsYijJz09LfKw3yM2x,Joy To The World,spotify:artist:4FAEZeJcsYYBkNq2D3KGTV,Three Dog Night,spotify:album:2v8XEhOPoKX7iVWq5mWWBM,Naturally,1/1/1970,https://i.scdn.co/image/ab67616d0000b2738036855102edddcdbe84127d,1,10,220573,https://p.scdn.co/mp3-preview/28aa578c296651224a28602b50325ed20fd02419?cid=9950ac751e34487dbbe027c4fd7f8e99,FALSE,65,spotify:user:dgd13qott8zs5e2si4st3j7a9,2020-03-23T20:52:49Z
spotify:track:49MHCPzvMLXhRjDantBMVH,Just the Way You Are,spotify:artist:6zFYqv1mOsgBRQbae3JJ9e,Billy Joel,spotify:album:1Mhn9VosyjtWn4dMPFlna6,The Stranger (Legacy Edition),1977,https://i.scdn.co/image/ab67616d0000b2736ce61113662ecf693b605ee5,1,3,290573,https://p.scdn.co/mp3-preview/ef6c2caa85012dbc077651c06256c4b2b5940088?cid=9950ac751e34487dbbe027c4fd7f8e99,FALSE,70,spotify:user:dgd13qott8zs5e2si4st3j7a9,2020-03-23T20:53:00Z
spotify:track:7BqBn9nzAq8spo5e7cZ0dJ,Just the Way You Are,spotify:artist:0du5cEVh5yTK9QJze8zA0C,Bruno Mars,spotify:album:1uyf3l2d4XYwiEqAb7t7fX,Doo-Wops & Hooligans,10/5/2010,https://i.scdn.co/image/ab67616d0000b27378c6c624a95d1bd02ba1fa02,1,2,220733,https://p.scdn.co/mp3-preview/07c6c33d6426d61ffd2e93d4c06ca599f7761b46?cid=9950ac751e34487dbbe027c4fd7f8e99,FALSE,80,spotify:user:dgd13qott8zs5e2si4st3j7a9,2020-03-23T20:53:10Z
spotify:track:1raiIrqaqRAqZmQWZlLuBd,Lady Madonna - Remastered 2015,spotify:artist:3WrFJ7ztbogyGnTHbHJFl2,The Beatles,spotify:album:7vEJAtP3KgKSpOHVgwm3Eh,1 (Remastered),11/13/2000,https://i.scdn.co/image/ab67616d0000b273582d56ce20fe0146ffa0e5cf,1,20,136826,https://p.scdn.co/mp3-preview/4f0b64cf221f7114992e6df3c8835b1146940338?cid=9950ac751e34487dbbe027c4fd7f8e99,FALSE,60,spotify:user:dgd13qott8zs5e2si4st3j7a9,2020-03-23T20:53:21Z
spotify:track:3dmqIB2Qxe2XZobw9gXxJ6,Mary Jane's Last Dance,spotify:artist:4tX2TplrkIP4v05BNC903e,Tom Petty and the Heartbreakers,spotify:album:3q6Bz38jmqRDkXI7j5Hb9Y,Greatest Hits,5/20/2008,https://i.scdn.co/image/ab67616d0000b2730c3a1b46b6b846dfdfbc6a7d,1,17,273600,https://p.scdn.co/mp3-preview/0987ad33f30d2332754cd927e8029a3d260449e4?cid=9950ac751e34487dbbe027c4fd7f8e99,FALSE,71,spotify:user:dgd13qott8zs5e2si4st3j7a9,2020-03-23T20:53:28Z
spotify:track:3M8FzayQWtkvOhqMn2V4T2,Lean on Me,spotify:artist:1ThoqLcyIYvZn7iWbj8fsj,Bill Withers,spotify:album:0sFuW4rH5mFZUjNKnckO3v,Still Bill,5/1/1972,https://i.scdn.co/image/ab67616d0000b27398e08f603553915a041b6937,1,5,258834,https://p.scdn.co/mp3-preview/88034b6356a11c9bea4cca28d56a80efcc655ac4?cid=9950ac751e34487dbbe027c4fd7f8e99,FALSE,71,spotify:user:dgd13qott8zs5e2si4st3j7a9,2020-03-23T20:53:35Z
spotify:track:7iN1s7xHE4ifF5povM6A48,Let It Be - Remastered 2009,spotify:artist:3WrFJ7ztbogyGnTHbHJFl2,The Beatles,spotify:album:0jTGHV5xqHPvEcwL8f6YU5,Let It Be (Remastered),5/8/1970,https://i.scdn.co/image/ab67616d0000b27384243a01af3c77b56fe01ab1,1,6,243026,https://p.scdn.co/mp3-preview/f7913ebb647d47835c34fa4db7e889c8a87c6d10?cid=9950ac751e34487dbbe027c4fd7f8e99,FALSE,77,spotify:user:dgd13qott8zs5e2si4st3j7a9,2020-03-23T20:53:42Z
spotify:track:1ZPlNanZsJSPK5h9YZZFbZ,Like a Virgin,spotify:artist:6tbjWDEIzxoDsBA1FuhfPW,Madonna,spotify:album:2IU9ftOgyRL2caQGWK1jjX,Like a Virgin (Reissue),11/12/1984,https://i.scdn.co/image/ab67616d0000b2736b18e58a06aac7763abe319a,1,3,218626,https://p.scdn.co/mp3-preview/693e9d74bf04462da738351385fdc225cc465edc?cid=9950ac751e34487dbbe027c4fd7f8e99,FALSE,71,spotify:user:dgd13qott8zs5e2si4st3j7a9,2020-03-23T20:54:01Z
spotify:track:4iozhXt27eMl39W5z7R8H6,Little Red Corvette,spotify:artist:5a2EaR3hamoenG9rDuVn8j,Prince,spotify:album:3U1ht9EdWEI9nMvaqdQI67,1999,10/27/1982,https://i.scdn.co/image/ab67616d0000b2734117e531f63855d072059d6e,1,2,296906,https://p.scdn.co/mp3-preview/91b103aa0668136885defd6b3caed00b5aa9993d?cid=9950ac751e34487dbbe027c4fd7f8e99,TRUE,49,spotify:user:dgd13qott8zs5e2si4st3j7a9,2020-03-23T20:54:14Z
spotify:track:5pihM63Tj50g1XjLxq0iU8,Long Haired Country Boy,spotify:artist:12d4iIvTOk7JkI6ecvc3ca,The Charlie Daniels Band,spotify:album:7H5LNy2PyN3VLUm5nnMZEc,A Decade Of Hits,1973,https://i.scdn.co/image/ab67616d0000b27382f846c52535bb65ab1d1a54,1,8,240106,https://p.scdn.co/mp3-preview/9991734483d288dcd8cc2c4c4e356d8539b6588e?cid=9950ac751e34487dbbe027c4fd7f8e99,FALSE,60,spotify:user:dgd13qott8zs5e2si4st3j7a9,2020-03-23T20:54:37Z
spotify:track:77Ft1RJngppZlq59B6uP0z,Lose Yourself,spotify:artist:7dGJo4pcD2V6oG8kP0tJRR,Eminem,spotify:album:6wdSf72duVewXTqhYU3Z87,SHADYXV,11/24/2014,https://i.scdn.co/image/ab67616d0000b27331aafa752187cb0284307200,2,3,320626,https://p.scdn.co/mp3-preview/4aefb2f45062a02f38707643aa4208709c155962?cid=9950ac751e34487dbbe027c4fd7f8e99,TRUE,64,spotify:user:dgd13qott8zs5e2si4st3j7a9,2020-03-23T20:54:51Z
spotify:track:4W4wYHtsrgDiivRASVOINL,Love Shack,spotify:artist:3gdbcIdNypBsYNu3iiCjtN,The B-52's,spotify:album:5BAzAODqIwttjj7wxmlNMS,Cosmic Thing,6/23/1989,https://i.scdn.co/image/ab67616d0000b27393bf4c5e67f6a72149d94c94,1,4,320680,https://p.scdn.co/mp3-preview/33813193c01f1c42416b328c7f5f3116cb603865?cid=9950ac751e34487dbbe027c4fd7f8e99,FALSE,70,spotify:user:dgd13qott8zs5e2si4st3j7a9,2020-03-23T20:55:12Z
spotify:track:0c4IEciLCDdXEhhKxj4ThA,Madness,spotify:artist:12Chz98pHFMPJEknJQMWvI,Muse,spotify:album:3KuXEGcqLcnEYWnn3OEGy0,The 2nd Law,9/24/2012,https://i.scdn.co/image/ab67616d0000b273fc192c54d1823a04ffb6c8c9,1,2,281040,https://p.scdn.co/mp3-preview/2bb1362f5a9c6264811e5904ee986b2edced38a3?cid=9950ac751e34487dbbe027c4fd7f8e99,FALSE,67,spotify:user:dgd13qott8zs5e2si4st3j7a9,2020-03-23T20:55:20Z
spotify:track:6h3YJ05BovN1Pgk145J3r9,Mama Tried,spotify:artist:2ptmyXoL7poH6Zq62h1QT9,Merle Haggard,spotify:album:7LmhShcQUdQf0vbfa6VUPn,Mama Tried/ Pride In What I Am,1/1/2006,https://i.scdn.co/image/ab67616d0000b2732ad2990a9ccda2d86f69568b,1,1,134453,https://p.scdn.co/mp3-preview/e4bc85f1b626844698cff280069f0ce06014aec4?cid=9950ac751e34487dbbe027c4fd7f8e99,FALSE,57,spotify:user:dgd13qott8zs5e2si4st3j7a9,2020-03-23T20:55:28Z
spotify:track:6sxptembJVty4sNtcPMAVz,Man! I Feel Like A Woman!,spotify:artist:5e4Dhzv426EvQe3aDb64jL,Shania Twain,spotify:album:4UMe0Ods7kygK6OISasZe9,Come On Over,11/4/1997,https://i.scdn.co/image/ab67616d0000b273aaf012d56b8c72658da6c45f,1,1,234493,https://p.scdn.co/mp3-preview/30c52c4f627f680ea449f4d5269e37a9e4c57279?cid=9950ac751e34487dbbe027c4fd7f8e99,FALSE,72,spotify:user:dgd13qott8zs5e2si4st3j7a9,2020-03-23T20:55:38Z
spotify:track:4EEjMyQub6tgFVshlM9j1M,Margaritaville,spotify:artist:28AyklUmMECPwdfo8NEsV0,Jimmy Buffett,spotify:album:3JWlQzyse21gwhqu2D6UQD,"Changes In Latitudes, Changes In Attitudes",1/1/1977,https://i.scdn.co/image/ab67616d0000b2734fdb0337978c7464cdfb1783,1,6,250933,https://p.scdn.co/mp3-preview/c37a98df2185dc2037da497200c0712c88a1420f?cid=9950ac751e34487dbbe027c4fd7f8e99,FALSE,66,spotify:user:dgd13qott8zs5e2si4st3j7a9,2020-03-23T20:55:51Z
spotify:track:5Sz09kaSzvpTC8lgm5W8Mt,Mustang Sally,spotify:artist:0N5PyKJzS3M1XNlaCL7bbE,Wilson Pickett,spotify:album:6tdCKyx1g6XV5uzOWmkxSC,The Wicked Pickett,2/8/2005,https://i.scdn.co/image/ab67616d0000b2738f817166a595967d455fcb1d,1,1,187760,https://p.scdn.co/mp3-preview/4db851b0a9089e72ac2dc4aaa742e2a375c1953b?cid=9950ac751e34487dbbe027c4fd7f8e99,FALSE,59,spotify:user:dgd13qott8zs5e2si4st3j7a9,2020-03-23T20:56:06Z
spotify:track:745H5CctFr12Mo7cqa1BMH,My Girl,spotify:artist:3RwQ26hR2tJtA8F9p2n7jG,The Temptations,spotify:album:45tweuKI0zdh8zgKo05cTw,The Temptations Sing Smokey,3/22/1965,https://i.scdn.co/image/ab67616d0000b2731a5b6271ae1c8497df20916e,1,3,165000,https://p.scdn.co/mp3-preview/64ab75f44019e0f4a8ef7a725d264fca03dc3478?cid=9950ac751e34487dbbe027c4fd7f8e99,FALSE,78,spotify:user:dgd13qott8zs5e2si4st3j7a9,2020-03-23T20:56:16Z
spotify:track:6MdqqkQ8sSC0WB4i8PyRuQ,No Diggity,"spotify:artist:2P3cjUru4H3fhSXXNxE9kA, spotify:artist:6DPYiyq5kWVQS4RGwxzPC7, spotify:artist:0VbIlorLz3I5SEtIsc5vAr","Blackstreet, Dr. Dre, Queen Pen",spotify:album:2zGZLQiFl9UubtrVmtIkbi,Another Level,9/9/1996,https://i.scdn.co/image/ab67616d0000b27303ca37157b9ceefbe8fe225b,1,3,304600,https://p.scdn.co/mp3-preview/c216640c68846d6587123371495115e119b53f0d?cid=9950ac751e34487dbbe027c4fd7f8e99,FALSE,75,spotify:user:dgd13qott8zs5e2si4st3j7a9,2020-03-23T20:56:22Z
spotify:track:1KGi9sZVMeszgZOWivFpxs,No Scrubs,spotify:artist:0TImkz4nPqjegtVSMZnMRq,TLC,spotify:album:1CvjjpvqVMoyprsf74bpYW,Fanmail,2/23/1999,https://i.scdn.co/image/ab67616d0000b27361ffafd5e31a37336531cf95,1,5,214400,https://p.scdn.co/mp3-preview/69daa711bddd8fe7aa9acf17106ca85cf1ccfa14?cid=9950ac751e34487dbbe027c4fd7f8e99,FALSE,78,spotify:user:dgd13qott8zs5e2si4st3j7a9,2020-03-23T20:56:41Z
spotify:track:72PoJMDfdaw9gGECgA9kTZ,Nothing From Nothing,spotify:artist:0IecGJbdBeYSOVtSPRehh5,Billy Preston,spotify:album:7LukcPnAOnV7MuJ6uIUe1s,The Kids & Me,1/1/1974,https://i.scdn.co/image/ab67616d0000b2731dd97e315f3a1ebeb420c1dd,1,2,156200,https://p.scdn.co/mp3-preview/8ce418de67f37312cfc81d75e8f52f6fd4bef368?cid=9950ac751e34487dbbe027c4fd7f8e99,FALSE,57,spotify:user:dgd13qott8zs5e2si4st3j7a9,2020-03-23T20:56:51Z
spotify:track:5EOoMWIB9iK4ZpcSex9Ec7,Old Time Rock & Roll,spotify:artist:485uL27bPomh29R4JmQehQ,Bob Seger,spotify:album:1vhib5WLHRVdOpRjiTHk15,Stranger In Town,5/5/1978,https://i.scdn.co/image/ab67616d0000b273ef063cb80508c55eb443a671,1,3,194146,https://p.scdn.co/mp3-preview/8127b6a62634a6b2721b9972d7ce92861793e769?cid=9950ac751e34487dbbe027c4fd7f8e99,FALSE,72,spotify:user:dgd13qott8zs5e2si4st3j7a9,2020-03-23T20:56:56Z
spotify:track:3MpK9vnxxgYvh0CNeGvx6G,On the Road Again,spotify:artist:5W5bDNCqJ1jbCgTxDD0Cb3,Willie Nelson,spotify:album:3LP0jc2J6fvhpVTKWzvFUk,Forrest Gump - The Soundtrack,10/2/2001,https://i.scdn.co/image/ab67616d0000b2737f570d8b2e794f1493dca2ca,2,16,148106,https://p.scdn.co/mp3-preview/b28e80fb9f5d5e26a6f7435bd9a808ada81e51fa?cid=9950ac751e34487dbbe027c4fd7f8e99,FALSE,46,spotify:user:dgd13qott8zs5e2si4st3j7a9,2020-03-23T20:57:03Z
spotify:track:2w4EpqGasrz9qdTwocx54t,Open Arms,spotify:artist:0rvjqX7ttXeg3mTy8Xscbt,Journey,spotify:album:43wpzak9OmQfrjyksuGwp0,Escape,1981,https://i.scdn.co/image/ab67616d0000b2738025ee6a56135658799b07ba,1,10,202173,https://p.scdn.co/mp3-preview/cdba05161ad423f14cfed8dde4d602248f2454da?cid=9950ac751e34487dbbe027c4fd7f8e99,FALSE,70,spotify:user:dgd13qott8zs5e2si4st3j7a9,2020-03-23T20:57:24Z
spotify:track:5tOjRq5shlEdm15nmJBq7Z,Out Of My Head,spotify:artist:7FtVJzRtpQpU61nBwB7cKN,Fastball,spotify:album:2KVpGKVIzcK9bB13MXJGEb,All The Pain Money Can Buy,1/1/1998,https://i.scdn.co/image/ab67616d0000b2735140e9c2486249b280cb36fb,1,10,153066,https://p.scdn.co/mp3-preview/6de5a92bc7153491aa7d802b1ece347b3a3a0144?cid=9950ac751e34487dbbe027c4fd7f8e99,FALSE,54,spotify:user:dgd13qott8zs5e2si4st3j7a9,2020-03-23T20:57:34Z
spotify:track:2g7gviEeJr6pyxO7G35EWQ,Paradise By the Dashboard Light,spotify:artist:7dnB1wSxbYa8CejeVg98hz,Meat Loaf,spotify:album:6mvI80w5r78niBmwtu7RF9,Bat Out Of Hell,10/21/1977,https://i.scdn.co/image/ab67616d0000b2734111af27787499f6d8752e9f,1,6,508333,https://p.scdn.co/mp3-preview/4b9180c5f9f27ff184818e4c34042fe53cac6ffd?cid=9950ac751e34487dbbe027c4fd7f8e99,FALSE,65,spotify:user:dgd13qott8zs5e2si4st3j7a9,2020-03-23T20:57:44Z
spotify:track:5Q0Nhxo0l2bP3pNjpGJwV1,Party In The U.S.A.,spotify:artist:5YGY8feqx7naU7z4HrwZM6,Miley Cyrus,spotify:album:64aKkqxc3Ur2LYIKeS5osS,The Time Of Our Lives,1/1/2009,https://i.scdn.co/image/ab67616d0000b273d6c3ad6a2a27471e1d5e8103,1,2,202066,https://p.scdn.co/mp3-preview/64e5d7979445e8402011934fe1c201675f1c210e?cid=9950ac751e34487dbbe027c4fd7f8e99,FALSE,72,spotify:user:dgd13qott8zs5e2si4st3j7a9,2020-03-23T20:57:50Z
spotify:track:40h65HAR8COEoqkMwUUQHu,Peaceful Easy Feeling - 2013 Remaster,spotify:artist:0ECwFtbIWEVNwjlrfc6xoL,Eagles,spotify:album:51B7LbLWgYLKBVSpkan8Z7,Eagles (2013 Remaster),1972,https://i.scdn.co/image/ab67616d0000b273c13acd642ba9f6f5f127aa1b,1,9,257962,https://p.scdn.co/mp3-preview/00fc3a56ef092371fceabab5ace9e329db2159f3?cid=9950ac751e34487dbbe027c4fd7f8e99,FALSE,65,spotify:user:dgd13qott8zs5e2si4st3j7a9,2020-03-23T20:58:00Z
spotify:track:0tgVpDi06FyKpA1z0VMD4v,Perfect,spotify:artist:6eUKZXaKkcviH0Ku9w2n3V,Ed Sheeran,spotify:album:3T4tUhGYeRNVUGevb0wThu,÷ (Deluxe),3/3/2017,https://i.scdn.co/image/ab67616d0000b273ba5db46f4b838ef6027e6f96,1,5,263400,https://p.scdn.co/mp3-preview/9779493d90a47f29e4257aa45bc6146d1ee9cb26?cid=9950ac751e34487dbbe027c4fd7f8e99,FALSE,86,spotify:user:dgd13qott8zs5e2si4st3j7a9,2020-03-23T20:58:08Z
spotify:track:6mz1fBdKATx6qP4oP1I65G,Pony,spotify:artist:7r8RF1tN2A4CiGEplkp1oP,Ginuwine,spotify:album:4he7R24eqd1EbF9kegiAK8,R&B: From Doo-Wop To Hip-Hop,10/8/1999,https://i.scdn.co/image/ab67616d0000b273980caf4dd525a15f08f8cb87,2,18,251733,https://p.scdn.co/mp3-preview/3ea8fa99dbd05e210739f960065718fb9ca0bdfd?cid=9950ac751e34487dbbe027c4fd7f8e99,FALSE,70,spotify:user:dgd13qott8zs5e2si4st3j7a9,2020-03-23T20:58:34Z
spotify:track:1aZLIbKEdsyqxyD6iNcrbA,Pour Some Sugar On Me,spotify:artist:6H1RjVyNruCmrBEWRbD0VZ,Def Leppard,spotify:album:1ja2qzCrh6bZykcojbZs82,Hysteria,8/3/1987,https://i.scdn.co/image/ab67616d0000b27343511b8c20112757edddc7ba,1,5,267306,https://p.scdn.co/mp3-preview/e85cb0dbaaed03e8c1413b54eea1bf741655d8c7?cid=9950ac751e34487dbbe027c4fd7f8e99,FALSE,61,spotify:user:dgd13qott8zs5e2si4st3j7a9,2020-03-23T20:58:41Z
spotify:track:6a7wXoZOARI8IqEXObjhDz,Pretty Good At Drinkin' Beer,spotify:artist:1By9QBFnjZAoI83BZppHlt,Billy Currington,spotify:album:4mBkXRJvrRcANKf1K8JMYT,Enjoy Yourself,1/1/2010,https://i.scdn.co/image/ab67616d0000b27376d60544ce48f85e729abb1c,1,3,179906,https://p.scdn.co/mp3-preview/9f16feafddca2bd17fc85f19cfecba9495eb245c?cid=9950ac751e34487dbbe027c4fd7f8e99,FALSE,61,spotify:user:dgd13qott8zs5e2si4st3j7a9,2020-03-23T20:58:50Z
spotify:track:6gJdDnF2TzfA1WPMXuCa3x,Proud Mary,spotify:artist:1zuJe6b1roixEKMOtyrEak,Tina Turner,spotify:album:5HmYiJnUkFuciiqRrAAv4o,What's Love Got to Do with It?,1993,https://i.scdn.co/image/ab67616d0000b273e9c361da971c6e81b51ef06b,1,7,327400,https://p.scdn.co/mp3-preview/d4ac21c730f4ec3ffb6f71051ec890ed7e773b32?cid=9950ac751e34487dbbe027c4fd7f8e99,FALSE,66,spotify:user:dgd13qott8zs5e2si4st3j7a9,2020-03-23T20:58:55Z
spotify:track:6YffUZJ2R06kyxyK6onezL,Ring of Fire,spotify:artist:6kACVPfCOnqzgfEF5ryl0x,Johnny Cash,spotify:album:0ucV57dbnqmrGv9d60r6X2,Ring Of Fire: The Best Of Johnny Cash,8/6/1963,https://i.scdn.co/image/ab67616d0000b273dfe4bfe695c4192e547e72c7,1,1,158426,https://p.scdn.co/mp3-preview/e3bbba328a3227e0d1095f804cd73a634de8cd04?cid=9950ac751e34487dbbe027c4fd7f8e99,FALSE,69,spotify:user:dgd13qott8zs5e2si4st3j7a9,2020-03-23T20:59:09Z
spotify:track:3gdewACMIVMEWVbyb8O9sY,"Rocket Man (I Think It's Going To Be A Long, Long Time)",spotify:artist:3PhoLpVuITZKcymswpck5b,Elton John,spotify:album:2ei2X6ghPnw7YRwQtAH075,Honky Chateau,5/19/1972,https://i.scdn.co/image/ab67616d0000b2733009007708ab5134936a58b3,1,5,281613,https://p.scdn.co/mp3-preview/e0f814581fb0c9f5faeb02146aa4c1280510b4f3?cid=9950ac751e34487dbbe027c4fd7f8e99,FALSE,80,spotify:user:dgd13qott8zs5e2si4st3j7a9,2020-03-23T20:59:15Z
spotify:track:1DndHckdH9m5rp6gYP086b,Runaround Sue,spotify:artist:15FyiY3ChN0QRspHIQYq0W,Dion,spotify:album:20vUqyMzF8fgQhkdLdtzi7,Runaround Sue,1961,https://i.scdn.co/image/ab67616d0000b273860a3b044d1715635ad2bad7,1,1,171600,https://p.scdn.co/mp3-preview/bf9f83b8052c25d37c52c35abaa7797108a86aa3?cid=9950ac751e34487dbbe027c4fd7f8e99,FALSE,62,spotify:user:dgd13qott8zs5e2si4st3j7a9,2020-03-23T20:59:20Z
spotify:track:2hnMS47jN0etwvFPzYk11f,Santeria,spotify:artist:0EdvGhlC1FkGItLOWQzG4J,Sublime,spotify:album:14eK347GdWO4mBBx78tsut,Sublime,7/30/1996,https://i.scdn.co/image/ab67616d0000b2738fc4b0dcfb9509553f195c85,1,6,182746,https://p.scdn.co/mp3-preview/ca755dac7180acf5ee73d7c2c73b85071948a932?cid=9950ac751e34487dbbe027c4fd7f8e99,FALSE,74,spotify:user:dgd13qott8zs5e2si4st3j7a9,2020-03-23T20:59:26Z
spotify:track:5s7m2xNZWgz5FqVSIvJcGA,Save a Horse (Ride a Cowboy),spotify:artist:0oBEeN6BCxEgMogzThqrPf,Big & Rich,spotify:album:0mX8aXMM7nYOGUTGcTEeZH,Horse of a Different Color,4/20/2004,https://i.scdn.co/image/ab67616d0000b273805374f00048ac081460cc70,1,9,200306,https://p.scdn.co/mp3-preview/ae08168dd09c2b780c4e11e6b5e8f22447032c6c?cid=9950ac751e34487dbbe027c4fd7f8e99,FALSE,67,spotify:user:dgd13qott8zs5e2si4st3j7a9,2020-03-23T20:59:35Z
spotify:track:7Cuk8jsPPoNYQWXK9XRFvG,September,spotify:artist:4QQgXkCYTt3BlENzhyNETg,"Earth\, Wind & Fire",spotify:album:4MgtwNYjD89Oj2km6eFRYd,September,4/17/2018,https://i.scdn.co/image/ab67616d0000b2736e5689a9d09ac1fc2cba2ab0,1,1,215080,https://p.scdn.co/mp3-preview/ae4aa51502978e1a866375fd9c397007c546d12a?cid=9950ac751e34487dbbe027c4fd7f8e99,FALSE,70,spotify:user:dgd13qott8zs5e2si4st3j7a9,2020-03-23T20:59:41Z
spotify:track:1osAmhnIT0rtuqLZ1IliBQ,Seven Bridges Road - Live; 1999 Remaster,spotify:artist:0ECwFtbIWEVNwjlrfc6xoL,Eagles,spotify:album:04ZCu8OHFUgbf9Ko0bOSZ2,Eagles Live,11/7/1980,https://i.scdn.co/image/ab67616d0000b2730d9a30b55722073f883562b6,2,1,184640,https://p.scdn.co/mp3-preview/d2aee0f43a9121988084b4e27a0ca26a44fb9959?cid=9950ac751e34487dbbe027c4fd7f8e99,FALSE,56,spotify:user:dgd13qott8zs5e2si4st3j7a9,2020-03-23T20:59:49Z
spotify:track:0ntQJM78wzOLVeCUAW7Y45,Sex on Fire,spotify:artist:2qk9voo8llSGYcZ6xrBzKx,Kings of Leon,spotify:album:5CZR6ljD0x9fTiS4mh9wMp,Only By The Night,9/23/2008,https://i.scdn.co/image/ab67616d0000b2732519d01c0cca06f134eeadd8,1,3,203346,https://p.scdn.co/mp3-preview/8cca3506fa42dd9cc51a761386d064b502d1a4c6?cid=9950ac751e34487dbbe027c4fd7f8e99,FALSE,80,spotify:user:dgd13qott8zs5e2si4st3j7a9,2020-03-23T20:59:59Z
spotify:track:0obBFrPYkSoBJbvHfUIhkv,Sexy And I Know It,spotify:artist:3sgFRtyBnxXD5ESfmbK4dl,LMFAO,spotify:album:5EuNq3rYUESwy6Vcsz2PZe,Sorry For Party Rocking (Deluxe Version),1/1/2011,https://i.scdn.co/image/ab67616d0000b2730dfa923895a2814ae422c49a,1,4,199480,https://p.scdn.co/mp3-preview/e71f950f6811223fca7b1df6797666748ecc9b83?cid=9950ac751e34487dbbe027c4fd7f8e99,FALSE,62,spotify:user:dgd13qott8zs5e2si4st3j7a9,2020-03-23T21:00:06Z
spotify:track:0O45fw2L5vsWpdsOdXwNAR,SexyBack (feat. Timbaland),"spotify:artist:31TPClRtHm23RisEBtV3X7, spotify:artist:5Y5TRrQiqgUO4S36tzjIRZ","Justin Timberlake, Timbaland",spotify:album:2scB1uhcCI1TSf6b9TCZK3,FutureSex/LoveSounds,9/12/2006,https://i.scdn.co/image/ab67616d0000b273c6ba98fd3f3b396a6c6f7091,1,2,242733,https://p.scdn.co/mp3-preview/e4ff7d627759f7c67e5814ddd821ba6b507136da?cid=9950ac751e34487dbbe027c4fd7f8e99,TRUE,79,spotify:user:dgd13qott8zs5e2si4st3j7a9,2020-03-23T21:00:12Z
spotify:track:5xTtaWoae3wi06K5WfVUUH,Shake It Off,spotify:artist:06HL4z0CvFAxyc27GXpf02,Taylor Swift,spotify:album:2QJmrSgbdM35R67eoGQo4j,1989,10/27/2014,https://i.scdn.co/image/ab67616d0000b273c79b600289a80aaef74d155d,1,6,219200,https://p.scdn.co/mp3-preview/bc46ee02557aa7268f74de4c08ae27bf3798a4b9?cid=9950ac751e34487dbbe027c4fd7f8e99,FALSE,70,spotify:user:dgd13qott8zs5e2si4st3j7a9,2020-03-23T21:00:22Z
spotify:track:3Ie2eLOIj2IhKnzPwXrLbJ,She's Got a Way,spotify:artist:6zFYqv1mOsgBRQbae3JJ9e,Billy Joel,spotify:album:274rMlKrr22086ohmwAJZA,Cold Spring Harbor,11/1/1971,https://i.scdn.co/image/ab67616d0000b273431daec5815fd0255437b43b,1,1,169226,https://p.scdn.co/mp3-preview/044e917c126360a598b7818d9078e81fdac85d45?cid=9950ac751e34487dbbe027c4fd7f8e99,FALSE,51,spotify:user:dgd13qott8zs5e2si4st3j7a9,2020-03-23T21:00:30Z
spotify:track:0Pu71wxadDlB8fJXfjIjeJ,Shoop,spotify:artist:7wqtxqI3eo7Gn1P7SpP6cQ,Salt-N-Pepa,spotify:album:2W2EmEpud13QHlhCFS9P8g,Very Necessary,10/12/1993,https://i.scdn.co/image/ab67616d0000b27331ac4ea81876d18519e4b6eb,1,7,248573,https://p.scdn.co/mp3-preview/62db2691fcf2dd07b4794d5fb6c36cc267691cf1?cid=9950ac751e34487dbbe027c4fd7f8e99,FALSE,67,spotify:user:dgd13qott8zs5e2si4st3j7a9,2020-03-23T21:00:36Z
spotify:track:2ZNTPtYmAhN9vCwnAgqKn1,"Shout, Pts. 1 & 2",spotify:artist:53QzNeFpzAaXYnrDBbDrIp,The Isley Brothers,spotify:album:3TU9a0ngwVYr7YRe5fJPVH,Shout!,8/21/1959,https://i.scdn.co/image/ab67616d0000b273f9ddaa9b3da1cd7275626987,1,11,268560,https://p.scdn.co/mp3-preview/46768fddae965c717f14582406b70c6f0b405e14?cid=9950ac751e34487dbbe027c4fd7f8e99,FALSE,60,spotify:user:dgd13qott8zs5e2si4st3j7a9,2020-03-23T21:00:48Z
spotify:track:4kbj5MwxO1bq9wjT5g9HaA,Shut Up and Dance,spotify:artist:6DIS6PRrLS3wbnZsf7vYic,WALK THE MOON,spotify:album:3mNoFlD1wsoXfkljfFzExT,TALKING IS HARD,12/2/2014,https://i.scdn.co/image/ab67616d0000b27343294cfa2688055c9d821bf3,1,3,199080,https://p.scdn.co/mp3-preview/50171ad2206e8f6b2ecad2266d353472427c358e?cid=9950ac751e34487dbbe027c4fd7f8e99,FALSE,80,spotify:user:dgd13qott8zs5e2si4st3j7a9,2020-03-23T21:00:59Z
spotify:track:1ju7EsSGvRybSNEsRvc7qY,Simple Man,spotify:artist:4MVyzYMgTwdP7Z49wAZHx0,Lynyrd Skynyrd,spotify:album:6DExt1eX4lflLacVjHHbOs,Pronounced' Leh-'Nerd 'Skin-'Nerd,1/1/1973,https://i.scdn.co/image/ab67616d0000b273128450651c9f0442780d8eb8,1,4,356626,https://p.scdn.co/mp3-preview/8e4647c912ebd06fe24be76b539556ec527fddf0?cid=9950ac751e34487dbbe027c4fd7f8e99,FALSE,69,spotify:user:dgd13qott8zs5e2si4st3j7a9,2020-03-23T21:01:05Z
spotify:track:3zBhihYUHBmGd2bcQIobrF,(Sittin' On) the Dock of the Bay,spotify:artist:60df5JBRRPcnSpsIMxxwQm,Otis Redding,spotify:album:03HMOcANauhLD0WNrMkmLU,The Dock of the Bay (Mono),1968,https://i.scdn.co/image/ab67616d0000b27313a5da9563c438059afa7ad4,1,1,163755,https://p.scdn.co/mp3-preview/99bfd8043cd20bc3dc4b7aa9461ac268954efdf7?cid=9950ac751e34487dbbe027c4fd7f8e99,FALSE,74,spotify:user:dgd13qott8zs5e2si4st3j7a9,2020-03-23T21:01:10Z
spotify:track:0NLBwQBYJhEM9t3KAMPFVR,Sold (The Grundy County Auction Incident),spotify:artist:7mPcfx7PhnBh6n4HMCd61A,John Michael Montgomery,spotify:album:5UPjyfi3zD7Oak7frjH8zk,John Michael Montgomery,3/17/1995,https://i.scdn.co/image/ab67616d0000b273c3fe0ccfeacabfd43e586de3,1,2,152186,https://p.scdn.co/mp3-preview/4c8eec82925af514a38201e76266c63ad319ac3b?cid=9950ac751e34487dbbe027c4fd7f8e99,FALSE,66,spotify:user:dgd13qott8zs5e2si4st3j7a9,2020-03-23T21:01:17Z
spotify:track:27L8sESb3KR79asDUBu8nW,Stacy's Mom,spotify:artist:1pgtr4nhBQjp9oCUBPyYWh,Fountains Of Wayne,spotify:album:6TZp52tXShLQbq8yNMxqNT,Welcome Interstate Managers,1/1/2003,https://i.scdn.co/image/ab67616d0000b273079e826265dffc3a8a26bac5,1,3,197986,https://p.scdn.co/mp3-preview/073dcab03ac9c4347e59d44d17318867ae45ca14?cid=9950ac751e34487dbbe027c4fd7f8e99,FALSE,73,spotify:user:dgd13qott8zs5e2si4st3j7a9,2020-03-23T21:01:22Z
spotify:track:3SdTKo2uVsxFblQjpScoHy,Stand by Me,spotify:artist:3plJVWt88EqjvtuB4ZDRV3,Ben E. King,spotify:album:18Fj7coTfyMi7mEPXIweN7,Don't Play That Song (Mono),8/20/1962,https://i.scdn.co/image/ab67616d0000b2731813ea8f590a0aab2820f922,1,7,180055,https://p.scdn.co/mp3-preview/cdc0401bbc4a03b855d9dd820fdf680917865dba?cid=9950ac751e34487dbbe027c4fd7f8e99,FALSE,77,spotify:user:dgd13qott8zs5e2si4st3j7a9,2020-03-23T21:01:27Z
spotify:track:0GONea6G2XdnHWjNZd6zt3,Summer Of '69,spotify:artist:3Z02hBLubJxuFJfhacLSDc,Bryan Adams,spotify:album:2o2G49EPi4lua5zgxUKhLL,Reckless (30th Anniversary / Deluxe Edition),11/5/1984,https://i.scdn.co/image/ab67616d0000b273cf1fee2a55e98e22bf358512,1,6,216053,https://p.scdn.co/mp3-preview/5c4edc1e7565ed5f6aa3fc88dec8df74c17753b0?cid=9950ac751e34487dbbe027c4fd7f8e99,FALSE,80,spotify:user:dgd13qott8zs5e2si4st3j7a9,2020-03-23T21:01:34Z
spotify:track:1h2xVEoJORqrg71HocgqXd,Superstition - Single Version,spotify:artist:7guDJrEfX3qb6FEbdPA5qi,Stevie Wonder,spotify:album:4E1itnJOhTMRSATNaxh0Sq,The Definitive Collection,10/29/2002,https://i.scdn.co/image/ab67616d0000b2739e447b59bd3e2cbefaa31d91,1,9,245493,https://p.scdn.co/mp3-preview/bba36675a46b2734756bf3ae80d73e3eca4cc0cb?cid=9950ac751e34487dbbe027c4fd7f8e99,FALSE,75,spotify:user:dgd13qott8zs5e2si4st3j7a9,2020-03-23T21:01:41Z
spotify:track:1H5IfYyIIAlgDX8zguUzns,Suspicious Minds,spotify:artist:43ZHCT0cAZBISjO8DG9PnE,Elvis Presley,spotify:album:3ekkFrfotMsEAKc5g71GHk,From Elvis in Memphis,6/17/1969,https://i.scdn.co/image/ab67616d0000b273fdc0aa7765f3197ac9179ec7,1,13,261279,https://p.scdn.co/mp3-preview/7a298f247198d8736393e166cb9f9e32227f1886?cid=9950ac751e34487dbbe027c4fd7f8e99,FALSE,71,spotify:user:dgd13qott8zs5e2si4st3j7a9,2020-03-23T21:01:46Z
spotify:track:7snQQk1zcKl8gZ92AnueZW,Sweet Child O' Mine,spotify:artist:3qm84nBOXUEQ2vnTfUTTFC,Guns N' Roses,spotify:album:28yHV3Gdg30AiB8h8em1eW,Appetite For Destruction,7/21/1987,https://i.scdn.co/image/ab67616d0000b27321ebf49b3292c3f0f575f0f5,1,9,356066,https://p.scdn.co/mp3-preview/bbef04f71397b1555283cd398953dd2d0680f948?cid=9950ac751e34487dbbe027c4fd7f8e99,FALSE,73,spotify:user:dgd13qott8zs5e2si4st3j7a9,2020-03-23T21:01:57Z
spotify:track:4yugZvBYaoREkJKtbG08Qr,Take It Easy - 2013 Remaster,spotify:artist:0ECwFtbIWEVNwjlrfc6xoL,Eagles,spotify:album:51B7LbLWgYLKBVSpkan8Z7,Eagles (2013 Remaster),1972,https://i.scdn.co/image/ab67616d0000b273c13acd642ba9f6f5f127aa1b,1,1,211577,https://p.scdn.co/mp3-preview/1dde876336ceab70ad0bbf832a3feff49783c3ea?cid=9950ac751e34487dbbe027c4fd7f8e99,FALSE,75,spotify:user:dgd13qott8zs5e2si4st3j7a9,2020-03-23T21:02:13Z
spotify:track:2WfaOiMkCvy7F5fcp2zZ8L,Take on Me,spotify:artist:2jzc5TC5TVFLXQlBNiIUzE,a-ha,spotify:album:1ER3B6zev5JEAaqhnyyfbf,Hunting High and Low,6/1/1985,https://i.scdn.co/image/ab67616d0000b273e8dd4db47e7177c63b0b7d53,1,1,225280,https://p.scdn.co/mp3-preview/0f980d0fac59f77123d0272b78bce97f1374d9e9?cid=9950ac751e34487dbbe027c4fd7f8e99,FALSE,83,spotify:user:dgd13qott8zs5e2si4st3j7a9,2020-03-23T21:02:19Z
spotify:track:0sKlV58cODrjxGFOyf9IXY,The Way You Make Me Feel - 2012 Remaster,spotify:artist:3fMbdgg4jU18AjLCKBhRSm,Michael Jackson,spotify:album:24TAupSNVWSAHL0R7n71vm,Bad 25th Anniversary,8/31/1987,https://i.scdn.co/image/ab67616d0000b2731bb21d27effb96a1d0fe8d6d,1,2,298120,https://p.scdn.co/mp3-preview/93f122101d44b96287fa0dea98f1b0f133a413b8?cid=9950ac751e34487dbbe027c4fd7f8e99,FALSE,73,spotify:user:dgd13qott8zs5e2si4st3j7a9,2020-03-23T21:02:43Z
spotify:track:6ECp64rv50XVz93WvxXMGF,This Love,spotify:artist:04gDigrS5kc9YWfZHwBETP,Maroon 5,spotify:album:5zClcGCSWj926AMjvBNSLc,Songs About Jane: 10th Anniversary Edition,2002,https://i.scdn.co/image/ab67616d0000b27392f2d790c6a97b195f66d51e,1,2,206200,https://p.scdn.co/mp3-preview/86ee8e73aa2c439b7f772e939c5c5f542dca32d1?cid=9950ac751e34487dbbe027c4fd7f8e99,FALSE,78,spotify:user:dgd13qott8zs5e2si4st3j7a9,2020-03-23T21:02:49Z
spotify:track:5prTs2HAw2G4idHZyeFp8o,Total Eclipse of the Heart,spotify:artist:0SD4eZCN4Kr0wQk56hCdh2,Bonnie Tyler,spotify:album:1CuFf5IslmlCno7DAFjrt9,The Very Best Of Bonnie Tyler,2/8/1999,https://i.scdn.co/image/ab67616d0000b27393d73d10075d96b65ba04dcb,1,6,269786,,FALSE,5,spotify:user:dgd13qott8zs5e2si4st3j7a9,2020-03-23T21:02:59Z
spotify:track:7HPhrbgMHV5cUskknWA2oo,Turn The Page,spotify:artist:2ye2Wgw4gimLv2eAKyk1NB,Metallica,spotify:album:5b7HQ04lPT7eGJQ7fmVsjC,"Garage, Inc.",11/24/1998,https://i.scdn.co/image/ab67616d0000b2737e1f85f69323acac962516c4,1,4,366400,https://p.scdn.co/mp3-preview/28645e9a565ae18a0e544f91f327c8a05aef1125?cid=9950ac751e34487dbbe027c4fd7f8e99,FALSE,58,spotify:user:dgd13qott8zs5e2si4st3j7a9,2020-03-23T21:03:07Z
spotify:track:5ZBeML7Lf3FMEVviTyvi8l,Twist And Shout - Remastered 2009,spotify:artist:3WrFJ7ztbogyGnTHbHJFl2,The Beatles,spotify:album:3KzAvEXcqJKBF97HrXwlgf,Please Please Me (Remastered),3/22/1963,https://i.scdn.co/image/ab67616d0000b273dbeec63ad914c973e75c24df,1,14,155226,https://p.scdn.co/mp3-preview/b7e3bc96b46e4dcc22cec5d23337d2446cb0ab87?cid=9950ac751e34487dbbe027c4fd7f8e99,FALSE,73,spotify:user:dgd13qott8zs5e2si4st3j7a9,2020-03-23T21:03:13Z
spotify:track:3d9DChrdc6BOeFsbrZ3Is0,Under the Bridge,spotify:artist:0L8ExT028jH3ddEcZwqJJ5,Red Hot Chili Peppers,spotify:album:30Perjew8HyGkdSmqguYyg,Blood Sugar Sex Magik (Deluxe Edition),9/24/1991,https://i.scdn.co/image/ab67616d0000b273153d79816d853f2694b2cc70,1,11,264306,https://p.scdn.co/mp3-preview/90e41778392f27b6f7dd82db4c90916b3727aa6a?cid=9950ac751e34487dbbe027c4fd7f8e99,FALSE,79,spotify:user:dgd13qott8zs5e2si4st3j7a9,2020-03-23T21:41:19Z
spotify:track:0tHbQRjL5phd8OoYl2Bdnd,United States of Eurasia (+Collateral Damage),spotify:artist:12Chz98pHFMPJEknJQMWvI,Muse,spotify:album:0eFHYz8NmK75zSplL5qlfM,The Resistance,9/10/2009,https://i.scdn.co/image/ab67616d0000b273b6d4566db0d12894a1a3b7a2,1,4,347813,https://p.scdn.co/mp3-preview/4ba3be95cdc4b3ef1af95950f56f4feae04b25db?cid=9950ac751e34487dbbe027c4fd7f8e99,FALSE,52,spotify:user:dgd13qott8zs5e2si4st3j7a9,2020-03-23T21:41:33Z
spotify:track:32OlwWuMpZ6b0aN2RZOeMS,Uptown Funk (feat. Bruno Mars),"spotify:artist:3hv9jJF3adDNsBSIQDqcjp, spotify:artist:0du5cEVh5yTK9QJze8zA0C","Mark Ronson, Bruno Mars",spotify:album:3vLaOYCNCzngDf8QdBg2V1,Uptown Special,1/12/2015,https://i.scdn.co/image/ab67616d0000b273e419ccba0baa8bd3f3d7abf2,1,4,269666,https://p.scdn.co/mp3-preview/860c242da8fb38c6d67f4ba267cca6c66801fc25?cid=9950ac751e34487dbbe027c4fd7f8e99,FALSE,81,spotify:user:dgd13qott8zs5e2si4st3j7a9,2020-03-23T21:41:41Z
spotify:track:359krpyCKcFF8SFvqWES9L,Wagon Wheel,spotify:artist:4DBi4EYXgiqbkxvWUXUzMi,Old Crow Medicine Show,spotify:album:0ogkqQa8hPAtL02IqwJ36x,O.C.M.S.,2/10/2004,https://i.scdn.co/image/ab67616d0000b27371b1258356536932f93122ec,1,11,232133,https://p.scdn.co/mp3-preview/2dde3431fb62b9485cc93e726aeaa71964236aa7?cid=9950ac751e34487dbbe027c4fd7f8e99,FALSE,64,spotify:user:dgd13qott8zs5e2si4st3j7a9,2020-03-23T21:41:49Z
spotify:track:5SZ6zX4rOrEQferfFC2MfP,Walk This Way,spotify:artist:7Ey4PD4MYsKc5I2dolUwbH,Aerosmith,spotify:album:36IxIOGEBAXVozDSiVs09B,Toys In The Attic,4/8/1975,https://i.scdn.co/image/ab67616d0000b2739662c6535fb4bf5767e50f32,1,4,220400,https://p.scdn.co/mp3-preview/f744fafea7f807dd79503249f4238a21393daf8f?cid=9950ac751e34487dbbe027c4fd7f8e99,FALSE,74,spotify:user:dgd13qott8zs5e2si4st3j7a9,2020-03-23T21:41:57Z
spotify:track:5fgkjhICZnqFctrV0AyuQD,Walking in Memphis,spotify:artist:2C8mKwk3z5DtqLcSwUdYJ9,Marc Cohn,spotify:album:0Zndfz8u9OTb8sXDkve96m,Marc Cohn,2/8/1991,https://i.scdn.co/image/ab67616d0000b2735908f448fb4605e4eba3dbf9,1,1,252613,https://p.scdn.co/mp3-preview/dfca660c74d6459a663d3ab173814a3f043669be?cid=9950ac751e34487dbbe027c4fd7f8e99,FALSE,70,spotify:user:dgd13qott8zs5e2si4st3j7a9,2020-03-23T21:42:03Z
spotify:track:1Je1IMUlBXcx1Fz0WE7oPT,Wannabe,spotify:artist:0uq5PttqEjj3IH1bzwcrXF,Spice Girls,spotify:album:3x2jF7blR6bFHtk4MccsyJ,Spice,1/1/1996,https://i.scdn.co/image/ab67616d0000b273fb59d692d3d66bcd3768a237,1,1,173026,https://p.scdn.co/mp3-preview/27cda6c08b6ddeddd4d3116aef7769ea3b2b11f5?cid=9950ac751e34487dbbe027c4fd7f8e99,FALSE,79,spotify:user:dgd13qott8zs5e2si4st3j7a9,2020-03-23T21:42:08Z
spotify:track:3B4q6KbHbGV51HO3GznBFF,What I Got,spotify:artist:0EdvGhlC1FkGItLOWQzG4J,Sublime,spotify:album:14eK347GdWO4mBBx78tsut,Sublime,7/30/1996,https://i.scdn.co/image/ab67616d0000b2738fc4b0dcfb9509553f195c85,1,2,170906,https://p.scdn.co/mp3-preview/70b810a58a034e63503da280e729ba8da3b77f7c?cid=9950ac751e34487dbbe027c4fd7f8e99,TRUE,71,spotify:user:dgd13qott8zs5e2si4st3j7a9,2020-03-23T21:42:14Z
spotify:track:3MjUtNVVq3C8Fn0MP3zhXa,...Baby One More Time,spotify:artist:26dSoYclwsYLMAKD3tpOr4,Britney Spears,spotify:album:3WNxdumkSMGMJRhEgK80qx,...Baby One More Time (Digital Deluxe Version),1/12/1999,https://i.scdn.co/image/ab67616d0000b2738e49866860c25afffe2f1a02,1,1,211066,https://p.scdn.co/mp3-preview/da2134a161f1cb34d17c2d6d7e77cc93d1c1e6f7?cid=9950ac751e34487dbbe027c4fd7f8e99,FALSE,77,spotify:user:dgd13qott8zs5e2si4st3j7a9,2020-03-23T21:42:21Z
spotify:track:0jWgAnTrNZmOGmqgvHhZEm,What's Up?,spotify:artist:0Je74SitssvJg1w4Ra2EK7,4 Non Blondes,spotify:album:2P8M5eo4zWFD0JJtH4D0iA,"Bigger, Better, Faster, More !",1/1/1992,https://i.scdn.co/image/ab67616d0000b273381371cb8ce680d0dc324600,1,3,295533,https://p.scdn.co/mp3-preview/170ad00f93969d747c8409f6c044e6a080d9e126?cid=9950ac751e34487dbbe027c4fd7f8e99,FALSE,79,spotify:user:dgd13qott8zs5e2si4st3j7a9,2020-03-23T21:42:29Z
spotify:track:5vLonpxn4VN0A8GtQOBSG0,When the Sun Goes Down,"spotify:artist:3grHWM9bx2E9vwJCdlRv9O, spotify:artist:2DnqqkzzDKm3vAoyHtn8So","Kenny Chesney, Uncle Kracker",spotify:album:052CF6cpp0nAH67yuUrIp7,When The Sun Goes Down,1/22/2004,https://i.scdn.co/image/ab67616d0000b273528e4965b251e5f09dd32761,1,3,290560,https://p.scdn.co/mp3-preview/58456931da8f8e7e4db18fd5a95dd6ecc5088384?cid=9950ac751e34487dbbe027c4fd7f8e99,FALSE,62,spotify:user:dgd13qott8zs5e2si4st3j7a9,2020-03-23T21:42:36Z
spotify:track:4w7RuuQAVP0JXlAom3z1aC,Wonderwall,spotify:artist:2DaxqgrOhkeH0fpeiQq2f4,Oasis,spotify:album:5VkPS9sK4VYUUeHG0icQmI,Stop The Clocks,11/20/2006,https://i.scdn.co/image/ab67616d0000b27329f951c74e9cbfffeb7b52f9,1,6,258079,,FALSE,3,spotify:user:dgd13qott8zs5e2si4st3j7a9,2020-03-23T21:42:49Z
spotify:track:70eDxAyAraNTiD6lx2ZEnH,Ex's & Oh's,spotify:artist:3bhu7P5PfngueRHiB9hjcx,Elle King,spotify:album:0B4eikFaUJcf3hc6DaSVov,Love Stuff,2/13/2015,https://i.scdn.co/image/ab67616d0000b273eb5a4a3ad6b9548ce4ca2c03,1,2,202173,https://p.scdn.co/mp3-preview/3aa3f3fd31bbc1d252bb916c140bbaa5baed45f6?cid=9950ac751e34487dbbe027c4fd7f8e99,FALSE,71,spotify:user:dgd13qott8zs5e2si4st3j7a9,2020-03-23T21:42:54Z
spotify:track:3BQHpFgAp4l80e1XslIjNI,Yesterday - Remastered 2009,spotify:artist:3WrFJ7ztbogyGnTHbHJFl2,The Beatles,spotify:album:0PT5m6hwPRrpBwIHVnvbFX,Help! (Remastered),8/6/1965,https://i.scdn.co/image/ab67616d0000b273e3e3b64cea45265469d4cafa,1,13,125666,https://p.scdn.co/mp3-preview/e0e725ffb5467d8fc192f5f2bdc0656de2d5d8b3?cid=9950ac751e34487dbbe027c4fd7f8e99,FALSE,76,spotify:user:dgd13qott8zs5e2si4st3j7a9,2020-03-23T21:42:59Z
spotify:track:0rmGAIH9LNJewFw7nKzZnc,You Give Love A Bad Name,spotify:artist:58lV9VcRSjABbAbfWS6skp,Bon Jovi,spotify:album:0kBfgEilUFCMIQY5IOjG4t,Slippery When Wet,8/16/1986,https://i.scdn.co/image/ab67616d0000b2731336b31b6a1799f0de5807ac,1,2,222706,https://p.scdn.co/mp3-preview/e3bd0a347d2df1e4fa228f50784dbfd87f6bee86?cid=9950ac751e34487dbbe027c4fd7f8e99,FALSE,79,spotify:user:dgd13qott8zs5e2si4st3j7a9,2020-03-23T21:43:06Z
spotify:track:2SiXAy7TuUkycRVbbWDEpo,You Shook Me All Night Long,spotify:artist:711MCceyCBcFnzjGY4Q7Un,AC/DC,spotify:album:6mUdeDZCsExyJLMdAfDuwh,Back In Black,7/25/1980,https://i.scdn.co/image/ab67616d0000b2730b51f8d91f3a21e8426361ae,1,7,210173,https://p.scdn.co/mp3-preview/2a200f628c41fadd1734ea7663f380659b93d826?cid=9950ac751e34487dbbe027c4fd7f8e99,FALSE,79,spotify:user:dgd13qott8zs5e2si4st3j7a9,2020-03-23T21:43:22Z
spotify:track:5GMw6X6BbCDGO9gApQYRSa,You've Lost That Lovin' Feelin',spotify:artist:4b0WsB47XCa9F83BmwQ7WX,The Righteous Brothers,spotify:album:5CFmNamq1ceXn8RFJ9i7p6,The Very Best Of The Righteous Brothers - Unchained Melody,1990,https://i.scdn.co/image/ab67616d0000b2731682e25596b8ecccb47644d1,1,1,225426,https://p.scdn.co/mp3-preview/db3c2a02401d58a7705aa08ed95bd367dc3f2168?cid=9950ac751e34487dbbe027c4fd7f8e99,FALSE,57,spotify:user:dgd13qott8zs5e2si4st3j7a9,2020-03-23T21:43:29Z
spotify:track:5dRQUolXAVX3BbCiIxmSsf,Your Love,spotify:artist:1zxDewzd2j1ZdSBGaYcr0y,The Outfield,spotify:album:5FfkiNcXAvagExRCLd8nn4,Super Hits,1985,https://i.scdn.co/image/ab67616d0000b27301ed248b4ac01c868e688322,1,5,221840,https://p.scdn.co/mp3-preview/64b40882777bd5035561a52c8c8886e24c803935?cid=9950ac751e34487dbbe027c4fd7f8e99,FALSE,70,spotify:user:dgd13qott8zs5e2si4st3j7a9,2020-03-23T21:43:38Z
spotify:track:1JkZg3eMQTmTn93E8Yd3UL,I Want You to Want Me,spotify:artist:1LB8qB5BPb3MHQrfkvifXU,Cheap Trick,spotify:album:2sXJQdHykPYcRQ7xFhwzMR,In Color,1977-09,https://i.scdn.co/image/ab67616d0000b27357a0bca6d7da93cd0c551f6a,1,4,191226,https://p.scdn.co/mp3-preview/1c55371ac6dc7f4553e0f0ce75edf9b84d263ef1?cid=9950ac751e34487dbbe027c4fd7f8e99,FALSE,70,spotify:user:dgd13qott8zs5e2si4st3j7a9,2020-03-23T21:43:45Z
spotify:track:3fqwjXwUGN6vbzIwvyFMhx,Tennessee Whiskey,spotify:artist:4YLtscXsxbVgi031ovDDdh,Chris Stapleton,spotify:album:7lxHnls3yQNl8B9bILmHj7,Traveller,5/4/2015,https://i.scdn.co/image/ab67616d0000b273540fc1d083eac5bcff8dad21,1,3,293293,https://p.scdn.co/mp3-preview/3ccdfb55348130d5a97acdf93c985531667f401e?cid=9950ac751e34487dbbe027c4fd7f8e99,FALSE,78,spotify:user:dgd13qott8zs5e2si4st3j7a9,2020-03-23T21:43:52Z
spotify:track:7oK9VyNzrYvRFo7nQEYkWN,Mr. Brightside,spotify:artist:0C0XlULifJtAgn6ZNCW2eu,The Killers,spotify:album:4undIeGmofnAYKhnDclN1w,Hot Fuss,6/15/2004,https://i.scdn.co/image/ab67616d0000b27356a6d6e493a8f338be63fc49,1,2,222586,https://p.scdn.co/mp3-preview/503e7964d06bdf5fa4591d048caf30ff64d13d2a?cid=9950ac751e34487dbbe027c4fd7f8e99,FALSE,75,spotify:user:dgd13qott8zs5e2si4st3j7a9,2020-03-23T21:43:58Z
spotify:track:7b4yGtR0rujvLi5EBfKKJ2,Take Me Home Tonight,spotify:artist:4Tw2N3wdvJPGEU7JqMxFfE,Eddie Money,spotify:album:2gLYQmHLHZhNpTxlnlkXy7,Can't Hold Back,10/15/1986,https://i.scdn.co/image/ab67616d0000b273b49692931b75588a8453d4c6,1,1,211160,https://p.scdn.co/mp3-preview/3d9c88b1db62fee1c9e999f15d839be95265a234?cid=9950ac751e34487dbbe027c4fd7f8e99,FALSE,67,spotify:user:dgd13qott8zs5e2si4st3j7a9,2020-03-23T21:44:05Z
spotify:track:5gys5nzVQIYhgHIfiOJYva,Take It On the Run,spotify:artist:55vs7NT1KxcFjbMC4y202E,REO Speedwagon,spotify:album:0X4ZNTZw7SYgrp5rlBQC3N,Hi Infidelity (30th Anniversary Edition),1980,https://i.scdn.co/image/ab67616d0000b273d514470784e3d02ee0bcdb80,1,5,239680,https://p.scdn.co/mp3-preview/2cf4545f72b0521c7757cf77f3fd7816f3d34cfd?cid=9950ac751e34487dbbe027c4fd7f8e99,FALSE,67,spotify:user:dgd13qott8zs5e2si4st3j7a9,2020-03-23T21:44:14Z
spotify:track:4CbUtLtAcgLJ7mAIeooJS8,I Want You Back,spotify:artist:2iE18Oxc8YSumAU232n4rW,The Jackson 5,spotify:album:0QalicmGWZvuRQ3qznxKIc,Motown Legends: Jackson 5 - Never Can Say Goodbye,1/1/1993,https://i.scdn.co/image/ab67616d0000b273099483e2c8177cb81930d050,1,6,180840,https://p.scdn.co/mp3-preview/61c28dc720c836ce5bff23b8d5c786a0755c9724?cid=9950ac751e34487dbbe027c4fd7f8e99,FALSE,51,spotify:user:dgd13qott8zs5e2si4st3j7a9,2020-03-23T21:44:23Z
spotify:track:67eX1ovaHyVPUinMHeUtIM,Hurts So Good,spotify:artist:3lPQ2Fk5JOwGWAF3ORFCqH,John Mellencamp,spotify:album:4gouGcdQn9OvjX42xnWrF0,American Fool,1982,https://i.scdn.co/image/ab67616d0000b273b1945b44ce8868740f132f8e,1,1,218960,https://p.scdn.co/mp3-preview/deb8d3dc5f78cb6f4979d9c9dd95fcef2573baea?cid=9950ac751e34487dbbe027c4fd7f8e99,FALSE,70,spotify:user:dgd13qott8zs5e2si4st3j7a9,2020-03-23T21:44:42Z
